timestamp,elapsed_time,cpu_percent,gpu_percent,memory_mb,memory_percent,memory_available_mb,gpu_freq_mhz,ollama_cpu_percent,ollama_memory_mb,model,prompt_id
2025-06-08T10:19:11.474140,0.024913,0.0,0.0,60145.0625,49.8,65810.0625,0,0.0,155.0625,deepseek-r1:7b,-1
2025-06-08T10:19:11.575863,0.126636,0.0,0.0,60145.0625,49.8,65810.0625,0,1.4,155.109375,deepseek-r1:7b,-1
2025-06-08T10:19:11.681119,0.231892,0.0,0.0,60145.0625,49.8,65810.0625,0,2.4,154.28125,deepseek-r1:7b,-1
2025-06-08T10:19:11.784633,0.335406,0.0,0.0,60145.0625,49.8,65810.0625,0,0.4,154.3125,deepseek-r1:7b,-1
2025-06-08T10:19:11.890059,0.440832,0.0,0.0,60145.0625,49.8,65810.0625,0,0.9,154.375,deepseek-r1:7b,-1
2025-06-08T10:19:11.995473,0.546246,0.0,0.0,60145.0625,49.8,65810.0625,0,0.2,154.390625,deepseek-r1:7b,-1
2025-06-08T10:19:12.100872,0.651645,0.0,0.0,60145.0625,49.8,65810.0625,0,3.4,154.5,deepseek-r1:7b,-1
2025-06-08T10:19:12.205987,0.75676,0.0,0.0,60145.0625,49.8,65810.0625,0,0.5,154.515625,deepseek-r1:7b,-1
2025-06-08T10:19:12.309462,0.860235,0.0,0.0,60145.0625,49.8,65810.0625,0,0.0,154.515625,deepseek-r1:7b,-1
2025-06-08T10:19:12.410957,0.96173,0.0,0.0,60145.0625,49.8,65810.0625,0,0.0,154.515625,deepseek-r1:7b,-1
2025-06-08T10:19:12.515728,1.066501,18.4,0.0,61311.359375,50.7,64634.71875,0,0.0,154.515625,deepseek-r1:7b,-1
2025-06-08T10:19:12.621138,1.171911,13.6,0.0,61311.359375,50.7,64634.71875,0,0.0,154.515625,deepseek-r1:7b,-1
2025-06-08T10:19:12.726402,1.277175,10.8,0.0,61311.359375,50.7,64634.71875,0,0.0,154.515625,deepseek-r1:7b,-1
2025-06-08T10:19:12.830017,1.38079,10.9,0.0,61311.359375,50.7,64634.71875,0,0.0,154.515625,deepseek-r1:7b,-1
2025-06-08T10:19:12.930897,1.48167,11.6,0.0,61311.359375,50.7,64634.71875,0,0.0,154.515625,deepseek-r1:7b,-1
2025-06-08T10:19:13.036355,1.587128,10.9,0.0,61311.359375,50.7,64634.71875,0,0.0,154.515625,deepseek-r1:7b,-1
2025-06-08T10:19:13.137676,1.688449,10.6,0.0,61311.359375,50.7,64634.71875,0,0.0,154.515625,deepseek-r1:7b,-1
2025-06-08T10:19:13.242180,1.792953,10.6,0.0,61311.359375,50.7,64634.71875,0,0.0,154.515625,deepseek-r1:7b,-1
2025-06-08T10:19:13.342868,1.893641,0.0,0.0,61311.359375,50.7,64634.71875,0,0.0,154.515625,deepseek-r1:7b,-1
2025-06-08T10:19:13.448191,1.998964,0.0,0.0,61311.359375,50.7,64634.71875,0,0.0,154.515625,deepseek-r1:7b,-1
2025-06-08T10:19:13.549965,2.100738,10.4,0.0,61311.984375,50.7,64637.0625,0,0.0,154.515625,deepseek-r1:7b,-1
2025-06-08T10:19:13.654994,2.205767,8.3,0.0,61312.0625,50.7,64637.53125,0,0.0,154.515625,deepseek-r1:7b,-1
2025-06-08T10:19:13.760383,2.311156,10.8,0.0,61312.0625,50.7,64637.53125,0,0.0,154.515625,deepseek-r1:7b,-1
2025-06-08T10:19:13.865764,2.416537,9.4,0.0,61312.0625,50.7,64637.53125,0,0.0,154.515625,deepseek-r1:7b,-1
2025-06-08T10:19:13.971231,2.522004,8.4,0.0,61312.0625,50.7,64637.53125,0,0.0,154.515625,deepseek-r1:7b,-1
2025-06-08T10:19:14.076632,2.627405,7.7,0.0,61312.0625,50.7,64637.53125,0,0.0,154.515625,deepseek-r1:7b,-1
2025-06-08T10:19:14.179462,2.730235,8.5,0.0,61312.0625,50.7,64637.53125,0,0.0,154.515625,deepseek-r1:7b,-1
2025-06-08T10:19:14.284320,2.835093,0.0,0.0,61312.0625,50.7,64637.53125,0,0.0,154.515625,deepseek-r1:7b,-1
2025-06-08T10:19:14.386608,2.937381,0.0,0.0,61312.0625,50.7,64637.53125,0,0.0,154.515625,deepseek-r1:7b,-1
2025-06-08T10:19:14.491964,3.042737,0.0,0.0,61312.0625,50.7,64637.53125,0,0.0,154.515625,deepseek-r1:7b,-1
2025-06-08T10:19:14.595993,3.146766,15.7,0.0,61331.984375,50.7,64617.328125,0,0.0,154.515625,deepseek-r1:7b,-1
2025-06-08T10:19:14.699073,3.249846,23.1,0.0,61331.984375,50.7,64617.328125,0,0.0,154.515625,deepseek-r1:7b,-1
2025-06-08T10:19:14.800696,3.351469,0.0,0.0,61331.984375,50.7,64617.328125,0,0.0,154.484375,deepseek-r1:7b,-1
2025-06-08T10:19:14.905851,3.456624,0.0,0.0,61331.984375,50.7,64617.328125,0,0.0,154.484375,deepseek-r1:7b,-1
2025-06-08T10:19:15.010994,3.561767,0.0,0.0,61331.984375,50.7,64617.328125,0,0.0,154.484375,deepseek-r1:7b,-1
2025-06-08T10:19:15.115804,3.666577,0.0,0.0,61331.984375,50.7,64617.328125,0,0.0,154.484375,deepseek-r1:7b,-1
2025-06-08T10:19:15.220981,3.771754,0.0,0.0,61331.984375,50.7,64617.328125,0,0.1,154.328125,deepseek-r1:7b,-1
2025-06-08T10:19:15.324164,3.874937,0.0,0.0,61331.984375,50.7,64617.328125,0,0.0,154.328125,deepseek-r1:7b,-1
2025-06-08T10:19:15.429367,3.98014,0.0,0.0,61331.984375,50.7,64617.328125,0,0.0,154.328125,deepseek-r1:7b,-1
2025-06-08T10:19:15.532694,4.083467,0.0,0.0,61331.984375,50.7,64617.328125,0,0.0,154.328125,deepseek-r1:7b,-1
2025-06-08T10:19:15.634686,4.185459,19.1,0.0,61394.46875,50.7,64558.8125,0,0.0,154.328125,deepseek-r1:7b,-1
2025-06-08T10:19:15.736650,4.287423,15.9,0.0,61393.09375,50.7,64556.8125,0,0.1,154.1875,deepseek-r1:7b,-1
2025-06-08T10:19:15.839485,4.390258,17.5,0.0,61394.71875,50.7,64556.0625,0,0.0,154.1875,deepseek-r1:7b,-1
2025-06-08T10:19:15.944706,4.495479,14.2,0.0,61394.71875,50.7,64556.0625,0,0.0,154.1875,deepseek-r1:7b,-1
2025-06-08T10:19:16.046086,4.596859,17.9,0.0,61394.71875,50.7,64556.0625,0,0.0,154.1875,deepseek-r1:7b,-1
2025-06-08T10:19:16.150711,4.701484,8.5,0.0,61394.71875,50.7,64556.0625,0,0.0,154.1875,deepseek-r1:7b,-1
2025-06-08T10:19:16.256081,4.806854,0.0,0.0,61394.71875,50.7,64556.0625,0,0.0,154.140625,deepseek-r1:7b,-1
2025-06-08T10:19:16.359325,4.910098,0.0,0.0,61394.71875,50.7,64556.0625,0,0.0,154.140625,deepseek-r1:7b,-1
2025-06-08T10:19:16.459625,5.010398,0.0,0.0,61394.71875,50.7,64556.0625,0,0.0,154.140625,deepseek-r1:7b,-1
2025-06-08T10:19:16.566287,5.11706,0.0,0.0,61394.71875,50.7,64556.0625,0,0.0,154.140625,deepseek-r1:7b,-1
2025-06-08T10:19:16.668142,5.218915,14.8,0.0,61439.53125,50.8,64512.078125,0,0.0,154.140625,deepseek-r1:7b,-1
2025-06-08T10:19:16.773289,5.324062,9.4,0.0,61439.59375,50.8,64512.6875,0,0.0,154.140625,deepseek-r1:7b,-1
2025-06-08T10:19:16.874854,5.425627,11.8,0.0,61439.59375,50.8,64512.6875,0,0.0,154.140625,deepseek-r1:7b,-1
2025-06-08T10:19:16.978874,5.529647,0.0,0.0,61439.59375,50.8,64512.6875,0,0.0,154.140625,deepseek-r1:7b,-1
2025-06-08T10:19:17.084033,5.634806,0.0,0.0,61439.59375,50.8,64512.6875,0,0.0,154.140625,deepseek-r1:7b,-1
2025-06-08T10:19:17.186817,5.73759,0.0,0.0,61439.59375,50.8,64512.6875,0,0.0,154.140625,deepseek-r1:7b,-1
2025-06-08T10:19:17.291941,5.842714,0.0,0.0,61439.59375,50.8,64512.6875,0,0.0,154.140625,deepseek-r1:7b,-1
2025-06-08T10:19:17.397072,5.947845,0.0,0.0,61439.59375,50.8,64512.6875,0,0.0,154.140625,deepseek-r1:7b,-1
2025-06-08T10:19:17.498835,6.049608,0.0,0.0,61439.59375,50.8,64512.6875,0,0.0,154.140625,deepseek-r1:7b,-1
2025-06-08T10:19:17.600118,6.150891,0.0,0.0,61439.59375,50.8,64512.6875,0,0.0,154.140625,deepseek-r1:7b,-1
2025-06-08T10:19:17.701255,6.252028,21.1,0.0,61439.34375,50.8,64517.6875,0,0.0,154.140625,deepseek-r1:7b,-1
2025-06-08T10:19:17.803884,6.354657,13.2,0.0,61439.34375,50.8,64521.296875,0,0.0,154.140625,deepseek-r1:7b,-1
2025-06-08T10:19:17.906898,6.457671,22.8,0.0,61439.34375,50.8,64511.78125,0,0.0,154.140625,deepseek-r1:7b,-1
2025-06-08T10:19:18.012070,6.562843,16.8,0.0,61319.21875,50.7,64639.171875,0,0.0,154.140625,deepseek-r1:7b,-1
2025-06-08T10:19:18.117232,6.668005,22.9,0.0,61319.21875,50.7,64639.171875,0,0.0,154.140625,deepseek-r1:7b,-1
2025-06-08T10:19:18.218352,6.769125,23.4,0.0,61319.21875,50.7,64639.171875,0,0.0,154.140625,deepseek-r1:7b,-1
2025-06-08T10:19:18.318864,6.869637,20.5,0.0,61319.21875,50.7,64639.171875,0,0.0,154.140625,deepseek-r1:7b,-1
2025-06-08T10:19:18.420472,6.971245,0.0,0.0,61319.21875,50.7,64639.171875,0,0.0,154.140625,deepseek-r1:7b,-1
2025-06-08T10:19:18.522221,7.072994,0.0,0.0,61319.21875,50.7,64639.171875,0,0.0,154.140625,deepseek-r1:7b,-1
2025-06-08T10:19:18.627432,7.178205,0.0,0.0,61319.21875,50.7,64639.171875,0,0.0,154.140625,deepseek-r1:7b,-1
2025-06-08T10:19:18.732689,7.283462,13.7,0.0,61367.203125,50.7,64591.515625,0,0.0,154.140625,deepseek-r1:7b,-1
2025-06-08T10:19:18.837606,7.388379,12.9,0.0,61367.265625,50.7,64593.78125,0,0.0,154.140625,deepseek-r1:7b,-1
2025-06-08T10:19:18.942930,7.493703,13.0,0.0,61367.265625,50.7,64593.78125,0,0.0,154.140625,deepseek-r1:7b,-1
2025-06-08T10:19:19.048152,7.598925,24.5,0.0,61367.265625,50.7,64593.78125,0,0.0,154.140625,deepseek-r1:7b,-1
2025-06-08T10:19:19.152044,7.702817,0.0,0.0,61367.265625,50.7,64593.78125,0,0.0,154.140625,deepseek-r1:7b,-1
2025-06-08T10:19:19.253288,7.804061,0.0,0.0,61367.265625,50.7,64593.78125,0,0.0,154.140625,deepseek-r1:7b,-1
2025-06-08T10:19:19.358474,7.909247,0.0,0.0,61367.265625,50.7,64593.78125,0,0.0,154.140625,deepseek-r1:7b,-1
2025-06-08T10:19:19.458820,8.009593,0.0,0.0,61367.265625,50.7,64593.78125,0,0.0,154.140625,deepseek-r1:7b,-1
2025-06-08T10:19:19.564015,8.114788,0.0,0.0,61367.265625,50.7,64593.78125,0,0.0,154.140625,deepseek-r1:7b,-1
2025-06-08T10:19:19.668127,8.2189,0.0,0.0,61367.265625,50.7,64593.78125,0,0.0,154.140625,deepseek-r1:7b,-1
2025-06-08T10:19:19.768755,8.319528,13.5,0.0,61380.609375,50.7,64568.390625,0,0.0,154.140625,deepseek-r1:7b,-1
2025-06-08T10:19:19.874139,8.424912,12.0,0.0,61377.59375,50.7,64572.8125,0,0.0,154.140625,deepseek-r1:7b,-1
2025-06-08T10:19:19.979359,8.530132,9.0,0.0,61377.59375,50.7,64572.8125,0,0.0,154.140625,deepseek-r1:7b,-1
2025-06-08T10:19:20.084759,8.635532,9.6,0.0,61377.59375,50.7,64572.8125,0,0.0,154.140625,deepseek-r1:7b,-1
2025-06-08T10:19:20.189232,8.740005,8.9,0.0,61377.59375,50.7,64572.8125,0,0.0,154.140625,deepseek-r1:7b,-1
2025-06-08T10:19:20.294346,8.845119,0.0,0.0,61377.59375,50.7,64572.8125,0,0.1,154.15625,deepseek-r1:7b,-1
2025-06-08T10:19:20.402092,8.952865,0.0,0.0,61377.59375,50.7,64572.8125,0,0.0,154.15625,deepseek-r1:7b,-1
2025-06-08T10:19:20.503624,9.054397,0.0,0.0,61377.59375,50.7,64572.8125,0,0.0,154.15625,deepseek-r1:7b,-1
2025-06-08T10:19:20.605047,9.15582,0.0,0.0,61377.59375,50.7,64572.8125,0,0.0,154.15625,deepseek-r1:7b,-1
2025-06-08T10:19:20.708667,9.25944,0.0,0.0,61377.59375,50.7,64572.8125,0,0.0,154.15625,deepseek-r1:7b,-1
2025-06-08T10:19:20.810183,9.360956,10.8,0.0,61372.71875,50.7,64586.0,0,0.0,154.15625,deepseek-r1:7b,-1
2025-06-08T10:19:20.912165,9.462938,13.1,0.0,61372.640625,50.7,64584.09375,0,0.0,154.15625,deepseek-r1:7b,-1
2025-06-08T10:19:21.014921,9.565694,9.9,0.0,61369.78125,50.7,64580.546875,0,0.0,154.15625,deepseek-r1:7b,-1
2025-06-08T10:19:21.115240,9.666013,20.8,0.0,61369.78125,50.7,64580.546875,0,0.0,154.15625,deepseek-r1:7b,-1
2025-06-08T10:19:21.220009,9.770782,20.9,0.0,61369.78125,50.7,64580.546875,0,0.0,154.15625,deepseek-r1:7b,-1
2025-06-08T10:19:21.325163,9.875936,15.4,0.0,61369.78125,50.7,64580.546875,0,0.0,154.15625,deepseek-r1:7b,-1
2025-06-08T10:19:21.428241,9.979014,10.2,0.0,61369.78125,50.7,64580.546875,0,0.0,154.15625,deepseek-r1:7b,-1
2025-06-08T10:19:21.530205,10.080978,0.0,0.0,61369.78125,50.7,64580.546875,0,0.0,154.15625,deepseek-r1:7b,-1
2025-06-08T10:19:21.634755,10.185528,0.0,0.0,61369.78125,50.7,64580.546875,0,0.0,154.15625,deepseek-r1:7b,-1
2025-06-08T10:19:21.740082,10.290855,0.0,0.0,61369.78125,50.7,64580.546875,0,0.0,154.15625,deepseek-r1:7b,-1
2025-06-08T10:19:21.845469,10.396242,11.0,0.0,61369.015625,50.7,64587.625,0,0.0,154.15625,deepseek-r1:7b,-1
2025-06-08T10:19:21.945872,10.496645,7.5,0.0,61320.984375,50.7,64632.015625,0,0.0,154.15625,deepseek-r1:7b,-1
2025-06-08T10:19:22.051254,10.602027,9.8,0.0,61320.953125,50.7,64632.65625,0,0.0,154.15625,deepseek-r1:7b,-1
2025-06-08T10:19:22.151949,10.702722,16.7,0.0,61320.953125,50.7,64632.65625,0,0.0,154.15625,deepseek-r1:7b,-1
2025-06-08T10:19:22.257089,10.807862,26.2,0.0,61320.953125,50.7,64632.65625,0,0.0,154.15625,deepseek-r1:7b,-1
2025-06-08T10:19:22.362221,10.912994,21.2,0.0,61320.953125,50.7,64632.65625,0,0.0,154.15625,deepseek-r1:7b,-1
2025-06-08T10:19:22.463491,11.014264,9.0,0.0,61320.953125,50.7,64632.65625,0,0.0,154.15625,deepseek-r1:7b,-1
2025-06-08T10:19:22.568299,11.119072,12.8,0.0,61320.953125,50.7,64632.65625,0,0.0,154.15625,deepseek-r1:7b,-1
2025-06-08T10:19:22.673499,11.224272,0.0,0.0,61320.953125,50.7,64632.65625,0,0.0,154.15625,deepseek-r1:7b,-1
2025-06-08T10:19:22.778700,11.329473,0.0,0.0,61320.953125,50.7,64632.65625,0,0.0,154.15625,deepseek-r1:7b,-1
2025-06-08T10:19:22.883179,11.433952,10.0,0.0,61357.6875,50.7,64598.8125,0,0.0,154.15625,deepseek-r1:7b,-1
2025-06-08T10:19:22.988561,11.539334,15.1,0.0,61357.6875,50.7,64598.8125,0,0.0,154.15625,deepseek-r1:7b,-1
2025-06-08T10:19:23.093730,11.644503,0.0,0.0,61357.6875,50.7,64598.8125,0,0.0,154.15625,deepseek-r1:7b,-1
2025-06-08T10:19:23.199035,11.749808,0.0,0.0,61357.6875,50.7,64598.8125,0,0.0,154.15625,deepseek-r1:7b,-1
2025-06-08T10:19:23.303866,11.854639,0.0,0.0,61357.6875,50.7,64598.8125,0,0.0,154.15625,deepseek-r1:7b,-1
2025-06-08T10:19:23.408650,11.959423,0.0,0.0,61357.6875,50.7,64598.8125,0,0.0,154.15625,deepseek-r1:7b,-1
2025-06-08T10:19:23.511491,12.062264,0.0,0.0,61357.6875,50.7,64598.8125,0,0.0,154.15625,deepseek-r1:7b,-1
2025-06-08T10:19:23.615732,12.166505,0.0,0.0,61357.6875,50.7,64598.8125,0,0.0,154.15625,deepseek-r1:7b,-1
2025-06-08T10:19:23.721069,12.271842,0.0,0.0,61357.6875,50.7,64598.8125,0,0.0,154.15625,deepseek-r1:7b,-1
2025-06-08T10:19:25.872284,0.039059,0.0,0.0,61264.140625,50.7,64681.375,0,0.0,154.140625,deepseek-r1:7b,-1
2025-06-08T10:19:25.977411,0.144186,16.4,0.0,61236.515625,50.6,64707.984375,0,0.0,154.140625,deepseek-r1:7b,-1
2025-06-08T10:19:26.082653,0.249428,13.3,0.0,61247.453125,50.6,64700.21875,0,0.0,154.140625,deepseek-r1:7b,-1
2025-06-08T10:19:26.186563,0.353338,9.6,0.0,61247.453125,50.6,64700.21875,0,0.0,154.140625,deepseek-r1:7b,-1
2025-06-08T10:19:26.290757,0.457532,13.8,0.0,61247.453125,50.6,64700.21875,0,0.0,154.140625,deepseek-r1:7b,-1
2025-06-08T10:19:26.392599,0.559374,13.5,0.0,61247.453125,50.6,64700.21875,0,0.0,154.140625,deepseek-r1:7b,-1
2025-06-08T10:19:26.497972,0.664747,16.7,0.0,61247.453125,50.6,64700.21875,0,0.0,154.140625,deepseek-r1:7b,-1
2025-06-08T10:19:26.603220,0.769995,10.2,0.0,61247.453125,50.6,64700.21875,0,0.0,154.140625,deepseek-r1:7b,-1
2025-06-08T10:19:26.708666,0.875441,0.0,0.0,61247.453125,50.6,64700.21875,0,0.0,154.140625,deepseek-r1:7b,-1
2025-06-08T10:19:26.813958,0.980733,0.0,0.0,61247.453125,50.6,64700.21875,0,0.0,154.140625,deepseek-r1:7b,-1
2025-06-08T10:19:26.917725,1.0845,10.1,0.0,61354.609375,50.7,64588.390625,0,0.0,154.140625,deepseek-r1:7b,-1
2025-06-08T10:19:27.023114,1.189889,7.1,0.0,61348.84375,50.7,64594.484375,0,0.0,154.140625,deepseek-r1:7b,-1
2025-06-08T10:19:27.128479,1.295254,7.7,0.0,61348.84375,50.7,64594.484375,0,0.0,154.140625,deepseek-r1:7b,-1
2025-06-08T10:19:27.233868,1.400643,8.9,0.0,61348.84375,50.7,64594.484375,0,0.0,154.140625,deepseek-r1:7b,-1
2025-06-08T10:19:27.337784,1.504559,8.4,0.0,61348.84375,50.7,64594.484375,0,0.0,154.140625,deepseek-r1:7b,-1
2025-06-08T10:19:27.443223,1.609998,10.0,0.0,61348.84375,50.7,64594.484375,0,0.0,154.140625,deepseek-r1:7b,-1
2025-06-08T10:19:27.544433,1.711208,0.0,0.0,61348.84375,50.7,64594.484375,0,0.0,154.140625,deepseek-r1:7b,-1
2025-06-08T10:19:27.649834,1.816609,0.0,0.0,61348.84375,50.7,64594.484375,0,0.0,154.140625,deepseek-r1:7b,-1
2025-06-08T10:19:27.752494,1.919269,0.0,0.0,61348.84375,50.7,64594.484375,0,0.0,154.140625,deepseek-r1:7b,-1
2025-06-08T10:19:27.857829,2.024604,0.0,0.0,61348.84375,50.7,64594.484375,0,0.0,154.140625,deepseek-r1:7b,-1
2025-06-08T10:19:27.959116,2.125891,9.2,0.0,61239.203125,50.6,64704.1875,0,0.0,154.140625,deepseek-r1:7b,-1
2025-06-08T10:19:28.064491,2.231266,7.8,0.0,61239.171875,50.6,64704.734375,0,0.0,154.140625,deepseek-r1:7b,-1
2025-06-08T10:19:28.169849,2.336624,7.8,0.0,61239.21875,50.6,64705.046875,0,0.0,154.140625,deepseek-r1:7b,-1
2025-06-08T10:19:28.274486,2.441261,12.0,0.0,61239.21875,50.6,64705.046875,0,0.0,154.140625,deepseek-r1:7b,-1
2025-06-08T10:19:28.379631,2.546406,12.4,0.0,61239.21875,50.6,64705.046875,0,0.0,154.140625,deepseek-r1:7b,-1
2025-06-08T10:19:28.481564,2.648339,11.2,0.0,61239.21875,50.6,64705.046875,0,0.0,154.140625,deepseek-r1:7b,-1
2025-06-08T10:19:28.582263,2.749038,9.9,0.0,61239.21875,50.6,64705.046875,0,0.0,154.140625,deepseek-r1:7b,-1
2025-06-08T10:19:28.687657,2.854432,0.0,0.0,61239.21875,50.6,64705.046875,0,0.0,154.140625,deepseek-r1:7b,-1
2025-06-08T10:19:28.791070,2.957845,0.0,0.0,61239.21875,50.6,64705.046875,0,0.0,154.140625,deepseek-r1:7b,-1
2025-06-08T10:19:28.896426,3.063201,0.0,0.0,61239.21875,50.6,64705.046875,0,0.0,154.140625,deepseek-r1:7b,-1
2025-06-08T10:19:29.002041,3.168816,8.9,0.0,61349.65625,50.7,64597.78125,0,0.0,154.140625,deepseek-r1:7b,-1
2025-06-08T10:19:29.104604,3.271379,17.7,0.0,61349.65625,50.7,64599.671875,0,0.0,154.140625,deepseek-r1:7b,-1
2025-06-08T10:19:29.209801,3.376576,20.2,0.0,61349.703125,50.7,64599.03125,0,0.0,154.140625,deepseek-r1:7b,-1
2025-06-08T10:19:29.313320,3.480095,19.2,0.0,61349.703125,50.7,64599.03125,0,0.0,154.140625,deepseek-r1:7b,-1
2025-06-08T10:19:29.417560,3.584335,9.7,0.0,61349.703125,50.7,64599.03125,0,0.0,154.140625,deepseek-r1:7b,-1
2025-06-08T10:19:29.522936,3.689711,9.6,0.0,61349.703125,50.7,64599.03125,0,0.0,154.140625,deepseek-r1:7b,-1
2025-06-08T10:19:29.624548,3.791323,0.0,0.0,61349.703125,50.7,64599.03125,0,0.0,154.140625,deepseek-r1:7b,-1
2025-06-08T10:19:29.729918,3.896693,0.0,0.0,61349.703125,50.7,64599.03125,0,0.0,154.140625,deepseek-r1:7b,-1
2025-06-08T10:19:29.835259,4.002034,0.0,0.0,61349.703125,50.7,64599.03125,0,0.0,154.140625,deepseek-r1:7b,-1
2025-06-08T10:19:29.939755,4.10653,0.0,0.0,61349.703125,50.7,64599.03125,0,0.0,154.140625,deepseek-r1:7b,-1
2025-06-08T10:19:30.044944,4.211719,9.7,0.0,61302.28125,50.7,64654.46875,0,0.0,154.140625,deepseek-r1:7b,-1
2025-06-08T10:19:30.150378,4.317153,7.2,0.0,61302.328125,50.7,64654.921875,0,0.0,154.140625,deepseek-r1:7b,-1
2025-06-08T10:19:30.255723,4.422498,8.4,0.0,61302.328125,50.7,64654.921875,0,0.0,154.140625,deepseek-r1:7b,-1
2025-06-08T10:19:30.361071,4.527846,9.9,0.0,61302.328125,50.7,64654.921875,0,0.0,154.140625,deepseek-r1:7b,-1
2025-06-08T10:19:30.461933,4.628708,10.5,0.0,61302.328125,50.7,64654.921875,0,0.0,154.140625,deepseek-r1:7b,-1
2025-06-08T10:19:30.567341,4.734116,8.3,0.0,61302.328125,50.7,64654.921875,0,0.0,154.140625,deepseek-r1:7b,-1
2025-06-08T10:19:30.671710,4.838485,0.0,0.0,61302.328125,50.7,64654.921875,0,0.0,154.140625,deepseek-r1:7b,-1
2025-06-08T10:19:30.777092,4.943867,0.0,0.0,61302.328125,50.7,64654.921875,0,0.0,154.140625,deepseek-r1:7b,-1
2025-06-08T10:19:30.882278,5.049053,0.0,0.0,61302.328125,50.7,64654.921875,0,0.0,154.140625,deepseek-r1:7b,-1
2025-06-08T10:19:30.985612,5.152387,0.0,0.0,61302.328125,50.7,64654.921875,0,0.0,154.140625,deepseek-r1:7b,-1
2025-06-08T10:19:31.088393,5.255168,9.1,0.0,61340.8125,50.7,64612.0625,0,0.0,154.140625,deepseek-r1:7b,-1
2025-06-08T10:19:31.193749,5.360524,10.0,0.0,61340.8125,50.7,64612.34375,0,0.0,154.140625,deepseek-r1:7b,-1
2025-06-08T10:19:31.296477,5.463252,7.4,0.0,61340.8125,50.7,64612.34375,0,0.0,154.140625,deepseek-r1:7b,-1
2025-06-08T10:19:31.401869,5.568644,9.0,0.0,61340.8125,50.7,64612.34375,0,0.0,154.140625,deepseek-r1:7b,-1
2025-06-08T10:19:31.507231,5.674006,0.0,0.0,61340.8125,50.7,64612.34375,0,0.0,154.140625,deepseek-r1:7b,-1
2025-06-08T10:19:31.611444,5.778219,0.0,0.0,61340.8125,50.7,64612.34375,0,0.0,154.140625,deepseek-r1:7b,-1
2025-06-08T10:19:31.715730,5.882505,0.0,0.0,61340.8125,50.7,64612.34375,0,0.0,154.140625,deepseek-r1:7b,-1
2025-06-08T10:19:31.821036,5.987811,0.0,0.0,61340.8125,50.7,64612.34375,0,0.0,154.140625,deepseek-r1:7b,-1
2025-06-08T10:19:31.922910,6.089685,0.0,0.0,61340.8125,50.7,64612.34375,0,0.0,154.140625,deepseek-r1:7b,-1
2025-06-08T10:19:32.024694,6.191469,0.0,0.0,61340.8125,50.7,64612.34375,0,0.0,154.140625,deepseek-r1:7b,-1
2025-06-08T10:19:32.128628,6.295403,9.4,0.0,61298.40625,50.7,64654.125,0,0.0,154.140625,deepseek-r1:7b,-1
2025-06-08T10:19:32.232297,6.399072,7.8,0.0,61298.125,50.7,64654.71875,0,0.0,154.140625,deepseek-r1:7b,-1
2025-06-08T10:19:32.332702,6.499477,8.7,0.0,61298.125,50.7,64655.171875,0,0.0,154.140625,deepseek-r1:7b,-1
2025-06-08T10:19:32.438089,6.604864,9.0,0.0,61298.125,50.7,64655.53125,0,0.0,154.140625,deepseek-r1:7b,-1
2025-06-08T10:19:34.591216,0.040693,10.0,0.0,60483.25,50.1,65469.59375,0,0.0,154.140625,deepseek-r1:7b,-1
2025-06-08T10:19:34.696389,0.145866,14.3,0.0,61021.671875,50.5,64929.078125,0,0.0,154.140625,deepseek-r1:7b,-1
2025-06-08T10:19:34.801842,0.251319,0.0,0.0,61032.578125,50.5,64916.53125,0,0.0,154.140625,deepseek-r1:7b,-1
2025-06-08T10:19:34.904422,0.353899,0.0,0.0,61032.578125,50.5,64916.53125,0,0.0,154.140625,deepseek-r1:7b,-1
2025-06-08T10:19:35.009570,0.459047,0.0,0.0,61032.578125,50.5,64916.53125,0,0.0,154.140625,deepseek-r1:7b,-1
2025-06-08T10:19:35.113348,0.562825,0.0,0.0,61032.578125,50.5,64916.53125,0,0.0,154.140625,deepseek-r1:7b,-1
2025-06-08T10:19:35.218630,0.668107,0.0,0.0,61032.578125,50.5,64916.53125,0,0.0,154.140625,deepseek-r1:7b,-1
2025-06-08T10:19:35.324073,0.77355,0.0,0.0,61032.578125,50.5,64916.53125,0,0.0,154.140625,deepseek-r1:7b,-1
2025-06-08T10:19:35.429260,0.878737,0.0,0.0,61032.578125,50.5,64916.53125,0,0.0,154.140625,deepseek-r1:7b,-1
2025-06-08T10:19:35.532560,0.982037,0.0,0.0,61032.578125,50.5,64916.53125,0,0.0,154.140625,deepseek-r1:7b,-1
2025-06-08T10:19:35.637914,1.087391,14.5,0.0,61356.734375,50.7,64597.71875,0,0.0,154.140625,deepseek-r1:7b,-1
2025-06-08T10:19:35.739312,1.188789,8.0,0.0,61356.71875,50.7,64598.1875,0,0.0,154.140625,deepseek-r1:7b,-1
2025-06-08T10:19:35.844467,1.293944,7.9,0.0,61356.75,50.7,64594.5,0,0.0,154.140625,deepseek-r1:7b,-1
2025-06-08T10:19:35.946307,1.395784,18.8,0.0,61356.453125,50.7,64595.3125,0,0.0,154.140625,deepseek-r1:7b,-1
2025-06-08T10:19:36.051476,1.500953,8.4,0.0,61356.453125,50.7,64595.3125,0,0.0,154.140625,deepseek-r1:7b,-1
2025-06-08T10:19:36.157002,1.606479,9.1,0.0,61356.453125,50.7,64595.3125,0,0.0,154.140625,deepseek-r1:7b,-1
2025-06-08T10:19:36.258234,1.707711,8.8,0.0,61356.453125,50.7,64595.3125,0,0.0,154.140625,deepseek-r1:7b,-1
2025-06-08T10:19:36.360768,1.810245,9.8,0.0,61356.453125,50.7,64595.3125,0,0.0,154.140625,deepseek-r1:7b,-1
2025-06-08T10:19:36.466142,1.915619,12.6,0.0,61356.453125,50.7,64595.3125,0,0.0,154.140625,deepseek-r1:7b,-1
2025-06-08T10:19:36.567246,2.016723,0.0,0.0,61356.453125,50.7,64595.3125,0,0.0,154.140625,deepseek-r1:7b,-1
2025-06-08T10:19:36.672534,2.122011,8.4,0.0,61355.34375,50.7,64595.734375,0,0.0,154.140625,deepseek-r1:7b,-1
2025-06-08T10:19:36.777706,2.227183,7.8,0.0,61355.34375,50.7,64595.734375,0,0.0,154.140625,deepseek-r1:7b,-1
2025-06-08T10:19:36.883062,2.332539,10.0,0.0,61355.34375,50.7,64595.734375,0,0.0,154.140625,deepseek-r1:7b,-1
2025-06-08T10:19:36.987028,2.436505,8.9,0.0,61355.34375,50.7,64595.734375,0,0.0,154.140625,deepseek-r1:7b,-1
2025-06-08T10:19:37.087932,2.537409,8.2,0.0,61355.34375,50.7,64595.734375,0,0.0,154.140625,deepseek-r1:7b,-1
2025-06-08T10:19:37.193452,2.642929,7.7,0.0,61355.34375,50.7,64595.734375,0,0.0,154.140625,deepseek-r1:7b,-1
2025-06-08T10:19:37.294681,2.744158,8.8,0.0,61355.34375,50.7,64595.734375,0,0.0,154.140625,deepseek-r1:7b,-1
2025-06-08T10:19:37.395683,2.84516,10.5,0.0,61355.34375,50.7,64595.734375,0,0.0,154.140625,deepseek-r1:7b,-1
2025-06-08T10:19:37.496685,2.946162,12.3,0.0,61355.34375,50.7,64595.734375,0,0.0,154.140625,deepseek-r1:7b,-1
2025-06-08T10:19:37.598322,3.047799,0.0,0.0,61355.34375,50.7,64595.734375,0,0.0,154.140625,deepseek-r1:7b,-1
2025-06-08T10:19:37.701011,3.150488,8.3,0.0,61344.015625,50.7,64611.671875,0,0.0,154.140625,deepseek-r1:7b,-1
2025-06-08T10:19:37.803920,3.253397,9.1,0.0,61344.015625,50.7,64611.671875,0,0.0,154.140625,deepseek-r1:7b,-1
2025-06-08T10:19:37.904948,3.354425,8.7,0.0,61344.015625,50.7,64611.671875,0,0.0,154.140625,deepseek-r1:7b,-1
2025-06-08T10:19:38.005982,3.455459,9.8,0.0,61344.015625,50.7,64611.671875,0,0.0,154.140625,deepseek-r1:7b,-1
2025-06-08T10:19:38.106832,3.556309,6.8,0.0,61344.015625,50.7,64611.671875,0,0.0,154.140625,deepseek-r1:7b,-1
2025-06-08T10:19:38.212207,3.661684,8.4,0.0,61344.015625,50.7,64611.671875,0,0.0,154.140625,deepseek-r1:7b,-1
2025-06-08T10:19:38.317525,3.767002,8.2,0.0,61344.015625,50.7,64611.671875,0,0.0,154.140625,deepseek-r1:7b,-1
2025-06-08T10:19:38.418071,3.867548,11.1,0.0,61344.015625,50.7,64611.671875,0,0.0,154.140625,deepseek-r1:7b,-1
2025-06-08T10:19:38.521575,3.971052,7.9,0.0,61344.015625,50.7,64611.671875,0,0.0,154.140625,deepseek-r1:7b,-1
2025-06-08T10:19:38.624052,4.073529,0.0,0.0,61344.015625,50.7,64611.671875,0,0.0,154.140625,deepseek-r1:7b,-1
2025-06-08T10:19:38.729406,4.178883,9.0,0.0,61336.34375,50.7,64615.90625,0,0.0,154.140625,deepseek-r1:7b,-1
2025-06-08T10:19:38.834543,4.28402,9.6,0.0,61339.515625,50.7,64612.21875,0,0.0,154.140625,deepseek-r1:7b,-1
2025-06-08T10:19:38.939896,4.389373,9.4,0.0,61339.0,50.7,64613.265625,0,0.0,154.140625,deepseek-r1:7b,-1
2025-06-08T10:19:39.045206,4.494683,7.4,0.0,61339.0,50.7,64613.265625,0,0.0,154.140625,deepseek-r1:7b,-1
2025-06-08T10:19:39.147010,4.596487,23.9,0.0,61339.0,50.7,64613.265625,0,0.0,154.140625,deepseek-r1:7b,-1
2025-06-08T10:19:39.252169,4.701646,44.6,0.0,61339.0,50.7,64613.265625,0,0.0,154.140625,deepseek-r1:7b,-1
2025-06-08T10:19:39.353091,4.802568,0.0,0.0,61339.0,50.7,64613.265625,0,0.0,154.140625,deepseek-r1:7b,-1
2025-06-08T10:19:39.455982,4.905459,0.0,0.0,61339.0,50.7,64613.265625,0,0.0,154.140625,deepseek-r1:7b,-1
2025-06-08T10:19:39.558713,5.00819,0.0,0.0,61339.0,50.7,64613.265625,0,0.0,154.140625,deepseek-r1:7b,-1
2025-06-08T10:19:39.661717,5.111194,0.0,0.0,61339.0,50.7,64613.265625,0,0.0,154.140625,deepseek-r1:7b,-1
2025-06-08T10:19:39.766887,5.216364,18.7,0.0,61338.125,50.7,64608.984375,0,0.0,154.140625,deepseek-r1:7b,-1
2025-06-08T10:19:39.872318,5.321795,11.1,0.0,61338.125,50.7,64608.984375,0,0.0,154.140625,deepseek-r1:7b,-1
2025-06-08T10:19:39.973171,5.422648,15.2,0.0,61338.125,50.7,64608.984375,0,0.0,154.140625,deepseek-r1:7b,-1
2025-06-08T10:19:40.073837,5.523314,9.4,0.0,61338.125,50.7,64608.984375,0,0.0,154.140625,deepseek-r1:7b,-1
2025-06-08T10:19:40.177532,5.627009,0.0,0.0,61338.125,50.7,64608.984375,0,0.0,154.140625,deepseek-r1:7b,-1
2025-06-08T10:19:40.283364,5.732841,0.0,0.0,61338.125,50.7,64608.984375,0,0.0,154.140625,deepseek-r1:7b,-1
2025-06-08T10:19:40.384354,5.833831,0.0,0.0,61338.125,50.7,64608.984375,0,0.0,154.140625,deepseek-r1:7b,-1
2025-06-08T10:19:40.484970,5.934447,0.0,0.0,61338.125,50.7,64608.984375,0,0.0,154.140625,deepseek-r1:7b,-1
2025-06-08T10:19:40.590342,6.039819,0.0,0.0,61338.125,50.7,64608.984375,0,0.0,154.140625,deepseek-r1:7b,-1
2025-06-08T10:19:40.692289,6.141766,0.0,0.0,61338.125,50.7,64608.984375,0,0.0,154.140625,deepseek-r1:7b,-1
2025-06-08T10:19:40.796375,6.245852,9.0,0.0,61333.90625,50.7,64618.734375,0,0.0,154.140625,deepseek-r1:7b,-1
2025-06-08T10:19:40.901912,6.351389,10.1,0.0,61333.953125,50.7,64619.046875,0,0.0,154.140625,deepseek-r1:7b,-1
2025-06-08T10:19:41.004718,6.454195,8.4,0.0,61333.953125,50.7,64619.046875,0,0.0,154.140625,deepseek-r1:7b,-1
2025-06-08T10:19:41.110082,6.559559,9.6,0.0,61333.953125,50.7,64619.046875,0,0.0,154.140625,deepseek-r1:7b,-1
2025-06-08T10:19:41.213234,6.662711,7.9,0.0,61333.953125,50.7,64619.046875,0,0.0,154.140625,deepseek-r1:7b,-1
2025-06-08T10:19:41.317433,6.76691,0.0,0.0,61333.953125,50.7,64619.046875,0,0.0,154.140625,deepseek-r1:7b,-1
2025-06-08T10:19:41.422395,6.871872,0.0,0.0,61333.953125,50.7,64619.046875,0,0.0,154.140625,deepseek-r1:7b,-1
2025-06-08T10:19:41.527777,6.977254,0.0,0.0,61333.953125,50.7,64619.046875,0,0.0,154.140625,deepseek-r1:7b,-1
2025-06-08T10:19:41.633179,7.082656,0.0,0.0,61333.953125,50.7,64619.046875,0,0.0,154.140625,deepseek-r1:7b,-1
2025-06-08T10:19:41.738563,7.18804,0.0,0.0,61333.953125,50.7,64619.046875,0,0.0,154.140625,deepseek-r1:7b,-1
2025-06-08T10:19:41.839683,7.28916,9.2,0.0,61200.9375,50.6,64747.40625,0,0.0,154.140625,deepseek-r1:7b,-1
2025-06-08T10:19:41.945088,7.394565,8.2,0.0,61201.28125,50.6,64747.921875,0,0.0,154.140625,deepseek-r1:7b,-1
2025-06-08T10:19:44.101569,0.044197,9.7,0.0,61241.75,50.6,64702.75,0,0.0,154.15625,deepseek-r1:7b,-1
2025-06-08T10:19:44.206728,0.149356,12.7,0.0,61210.578125,50.6,64735.765625,0,0.0,154.15625,deepseek-r1:7b,-1
2025-06-08T10:19:44.310113,0.252741,0.0,0.0,61210.578125,50.6,64735.765625,0,0.0,154.15625,deepseek-r1:7b,-1
2025-06-08T10:19:44.413531,0.356159,0.0,0.0,61210.578125,50.6,64735.765625,0,0.0,154.15625,deepseek-r1:7b,-1
2025-06-08T10:19:44.514430,0.457058,0.0,0.0,61210.578125,50.6,64735.765625,0,0.0,154.15625,deepseek-r1:7b,-1
2025-06-08T10:19:44.616972,0.5596,0.0,0.0,61210.578125,50.6,64735.765625,0,0.0,154.15625,deepseek-r1:7b,-1
2025-06-08T10:19:44.722394,0.665022,0.0,0.0,61210.578125,50.6,64735.765625,0,0.0,154.15625,deepseek-r1:7b,-1
2025-06-08T10:19:44.827767,0.770395,0.0,0.0,61210.578125,50.6,64735.765625,0,0.0,154.15625,deepseek-r1:7b,-1
2025-06-08T10:19:44.933160,0.875788,0.0,0.0,61210.578125,50.6,64735.765625,0,0.0,154.15625,deepseek-r1:7b,-1
2025-06-08T10:19:45.035432,0.97806,0.0,0.0,61210.578125,50.6,64735.765625,0,0.0,154.15625,deepseek-r1:7b,-1
2025-06-08T10:19:45.140836,1.083464,9.6,0.0,61328.90625,50.7,64616.09375,0,0.0,154.15625,deepseek-r1:7b,-1
2025-06-08T10:19:45.246228,1.188856,9.4,0.0,61328.90625,50.7,64616.09375,0,0.0,154.15625,deepseek-r1:7b,-1
2025-06-08T10:19:45.351601,1.294229,10.4,0.0,61328.90625,50.7,64616.09375,0,0.0,154.15625,deepseek-r1:7b,-1
2025-06-08T10:19:45.452121,1.394749,10.4,0.0,61328.90625,50.7,64616.09375,0,0.0,154.15625,deepseek-r1:7b,-1
2025-06-08T10:19:45.554783,1.497411,7.3,0.0,61328.90625,50.7,64616.09375,0,0.0,154.15625,deepseek-r1:7b,-1
2025-06-08T10:19:45.658958,1.601586,8.9,0.0,61328.90625,50.7,64616.09375,0,0.0,154.15625,deepseek-r1:7b,-1
2025-06-08T10:19:45.764366,1.706994,0.0,0.0,61328.90625,50.7,64616.09375,0,0.0,154.15625,deepseek-r1:7b,-1
2025-06-08T10:19:45.869725,1.812353,0.0,0.0,61328.90625,50.7,64616.09375,0,0.0,154.15625,deepseek-r1:7b,-1
2025-06-08T10:19:45.970761,1.913389,0.0,0.0,61328.90625,50.7,64616.09375,0,0.0,154.15625,deepseek-r1:7b,-1
2025-06-08T10:19:46.076156,2.018784,0.0,0.0,61328.90625,50.7,64616.09375,0,0.0,154.15625,deepseek-r1:7b,-1
2025-06-08T10:19:46.179361,2.121989,9.0,0.0,61207.75,50.6,64736.796875,0,0.0,154.15625,deepseek-r1:7b,-1
2025-06-08T10:19:46.280408,2.223036,8.1,0.0,61207.734375,50.6,64737.125,0,0.0,154.15625,deepseek-r1:7b,-1
2025-06-08T10:19:46.385792,2.32842,10.2,0.0,61207.703125,50.6,64737.8125,0,0.0,154.15625,deepseek-r1:7b,-1
2025-06-08T10:19:46.490717,2.433345,9.5,0.0,61207.703125,50.6,64737.8125,0,0.0,154.15625,deepseek-r1:7b,-1
2025-06-08T10:19:46.591474,2.534102,9.3,0.0,61207.703125,50.6,64737.8125,0,0.0,154.15625,deepseek-r1:7b,-1
2025-06-08T10:19:46.696840,2.639468,8.2,0.0,61207.703125,50.6,64737.8125,0,0.0,154.15625,deepseek-r1:7b,-1
2025-06-08T10:19:46.802225,2.744853,0.0,0.0,61207.703125,50.6,64737.8125,0,0.0,154.15625,deepseek-r1:7b,-1
2025-06-08T10:19:46.907582,2.85021,0.0,0.0,61207.703125,50.6,64737.8125,0,0.0,154.15625,deepseek-r1:7b,-1
2025-06-08T10:19:47.011161,2.953789,0.0,0.0,61207.703125,50.6,64737.8125,0,0.0,154.15625,deepseek-r1:7b,-1
2025-06-08T10:19:47.116559,3.059187,0.0,0.0,61207.703125,50.6,64737.8125,0,0.0,154.15625,deepseek-r1:7b,-1
2025-06-08T10:19:47.221892,3.16452,9.3,0.0,61273.03125,50.7,64676.9375,0,0.0,154.15625,deepseek-r1:7b,-1
2025-06-08T10:19:47.327241,3.269869,9.4,0.0,61272.90625,50.7,64677.421875,0,0.0,154.15625,deepseek-r1:7b,-1
2025-06-08T10:19:47.430685,3.373313,0.0,0.0,61272.90625,50.7,64677.421875,0,0.0,154.15625,deepseek-r1:7b,-1
2025-06-08T10:19:47.531358,3.473986,0.0,0.0,61272.90625,50.7,64677.421875,0,0.0,154.15625,deepseek-r1:7b,-1
2025-06-08T10:19:47.635859,3.578487,0.0,0.0,61272.90625,50.7,64677.421875,0,0.0,154.15625,deepseek-r1:7b,-1
2025-06-08T10:19:47.738220,3.680848,0.0,0.0,61272.90625,50.7,64677.421875,0,0.0,154.15625,deepseek-r1:7b,-1
2025-06-08T10:19:47.843607,3.786235,0.0,0.0,61272.90625,50.7,64677.421875,0,0.0,154.15625,deepseek-r1:7b,-1
2025-06-08T10:19:47.948984,3.891612,0.0,0.0,61272.90625,50.7,64677.421875,0,0.0,154.15625,deepseek-r1:7b,-1
2025-06-08T10:19:48.051555,3.994183,0.0,0.0,61272.90625,50.7,64677.421875,0,0.0,154.15625,deepseek-r1:7b,-1
2025-06-08T10:19:48.156949,4.099577,0.0,0.0,61272.90625,50.7,64677.421875,0,0.0,154.15625,deepseek-r1:7b,-1
2025-06-08T10:19:48.261450,4.204078,9.9,0.0,61273.171875,50.7,64677.25,0,0.0,154.15625,deepseek-r1:7b,-1
2025-06-08T10:19:48.364724,4.307352,8.5,0.0,61273.984375,50.7,64677.6875,0,0.0,154.15625,deepseek-r1:7b,-1
2025-06-08T10:19:48.470123,4.412751,10.6,0.0,61273.984375,50.7,64674.0625,0,0.0,154.15625,deepseek-r1:7b,-1
2025-06-08T10:19:48.575487,4.518115,7.8,0.0,61273.984375,50.7,64674.0625,0,0.0,154.15625,deepseek-r1:7b,-1
2025-06-08T10:19:48.680855,4.623483,7.6,0.0,61273.984375,50.7,64674.0625,0,0.0,154.15625,deepseek-r1:7b,-1
2025-06-08T10:19:48.783084,4.725712,9.4,0.0,61273.984375,50.7,64674.0625,0,0.0,154.15625,deepseek-r1:7b,-1
2025-06-08T10:19:48.886772,4.8294,7.8,0.0,61273.984375,50.7,64674.0625,0,0.0,154.15625,deepseek-r1:7b,-1
2025-06-08T10:19:48.992165,4.934793,8.3,0.0,61273.984375,50.7,64674.0625,0,0.0,154.15625,deepseek-r1:7b,-1
2025-06-08T10:19:49.097518,5.040146,8.3,0.0,61273.984375,50.7,64674.0625,0,0.0,154.15625,deepseek-r1:7b,-1
2025-06-08T10:19:49.199477,5.142105,7.3,0.0,61273.984375,50.7,64674.0625,0,0.0,154.15625,deepseek-r1:7b,-1
2025-06-08T10:19:49.304855,5.247483,9.6,0.0,61198.75,50.6,64748.4375,0,0.0,154.15625,deepseek-r1:7b,-1
2025-06-08T10:19:49.405782,5.34841,10.5,0.0,61198.75,50.6,64748.953125,0,0.0,154.15625,deepseek-r1:7b,-1
2025-06-08T10:19:49.511176,5.453804,8.8,0.0,61198.75,50.6,64748.953125,0,0.0,154.15625,deepseek-r1:7b,-1
2025-06-08T10:19:49.616498,5.559126,7.8,0.0,61198.75,50.6,64748.953125,0,0.0,154.15625,deepseek-r1:7b,-1
2025-06-08T10:19:49.721839,5.664467,8.4,0.0,61198.75,50.6,64748.953125,0,0.0,154.15625,deepseek-r1:7b,-1
2025-06-08T10:19:51.879038,0.044039,11.9,0.0,60727.953125,50.2,65222.421875,0,0.0,154.15625,deepseek-r1:7b,-1
2025-06-08T10:19:51.984174,0.149175,14.9,0.0,61045.546875,50.5,64906.6875,0,0.0,154.15625,deepseek-r1:7b,-1
2025-06-08T10:19:52.089436,0.254437,12.5,0.0,61045.546875,50.5,64906.6875,0,0.0,154.15625,deepseek-r1:7b,-1
2025-06-08T10:19:52.189961,0.354962,9.8,0.0,61045.546875,50.5,64906.6875,0,0.0,154.15625,deepseek-r1:7b,-1
2025-06-08T10:19:52.293124,0.458125,9.0,0.0,61045.546875,50.5,64906.6875,0,0.0,154.15625,deepseek-r1:7b,-1
2025-06-08T10:19:52.397327,0.562328,9.8,0.0,61045.546875,50.5,64906.6875,0,0.0,154.15625,deepseek-r1:7b,-1
2025-06-08T10:19:52.502708,0.667709,8.9,0.0,61045.546875,50.5,64906.6875,0,0.0,154.15625,deepseek-r1:7b,-1
2025-06-08T10:19:52.608063,0.773064,9.0,0.0,61045.546875,50.5,64906.6875,0,0.0,154.15625,deepseek-r1:7b,-1
2025-06-08T10:19:52.713401,0.878402,0.0,0.0,61045.546875,50.5,64906.6875,0,0.0,154.15625,deepseek-r1:7b,-1
2025-06-08T10:19:52.818750,0.983751,0.0,0.0,61045.546875,50.5,64906.6875,0,0.0,154.15625,deepseek-r1:7b,-1
2025-06-08T10:19:52.920024,1.085025,8.4,0.0,61343.796875,50.7,64605.765625,0,0.0,154.15625,deepseek-r1:7b,-1
2025-06-08T10:19:53.025392,1.190393,8.8,0.0,61343.75,50.7,64606.296875,0,0.0,154.15625,deepseek-r1:7b,-1
2025-06-08T10:19:53.130793,1.295794,11.1,0.0,61343.75,50.7,64606.296875,0,0.7,154.171875,deepseek-r1:7b,-1
2025-06-08T10:19:53.232016,1.397017,10.1,0.0,61343.75,50.7,64606.296875,0,0.0,154.171875,deepseek-r1:7b,-1
2025-06-08T10:19:53.333134,1.498135,13.2,0.0,61343.75,50.7,64606.296875,0,0.0,154.171875,deepseek-r1:7b,-1
2025-06-08T10:19:53.438538,1.603539,12.4,0.0,61343.75,50.7,64606.296875,0,0.0,154.171875,deepseek-r1:7b,-1
2025-06-08T10:19:53.543833,1.708834,15.0,0.0,61343.75,50.7,64606.296875,0,0.0,154.171875,deepseek-r1:7b,-1
2025-06-08T10:19:53.649073,1.814074,8.9,0.0,61343.75,50.7,64606.296875,0,0.0,154.171875,deepseek-r1:7b,-1
2025-06-08T10:19:53.750419,1.91542,9.3,0.0,61343.75,50.7,64606.296875,0,0.0,154.171875,deepseek-r1:7b,-1
2025-06-08T10:19:53.853946,2.018947,10.8,0.0,61343.75,50.7,64606.296875,0,0.0,154.171875,deepseek-r1:7b,-1
2025-06-08T10:19:53.957599,2.1226,11.0,0.0,61227.125,50.6,64726.796875,0,0.0,154.171875,deepseek-r1:7b,-1
2025-06-08T10:19:54.060428,2.225429,9.7,0.0,61227.125,50.6,64726.796875,0,0.0,154.171875,deepseek-r1:7b,-1
2025-06-08T10:19:54.165759,2.33076,8.9,0.0,61227.125,50.6,64726.796875,0,0.0,154.171875,deepseek-r1:7b,-1
2025-06-08T10:19:54.271071,2.436072,8.2,0.0,61227.125,50.6,64726.796875,0,0.0,154.171875,deepseek-r1:7b,-1
2025-06-08T10:19:54.371750,2.536751,9.9,0.0,61227.125,50.6,64726.796875,0,0.0,154.171875,deepseek-r1:7b,-1
2025-06-08T10:19:54.477142,2.642143,10.2,0.0,61227.125,50.6,64726.796875,0,0.0,154.171875,deepseek-r1:7b,-1
2025-06-08T10:19:54.582525,2.747526,7.7,0.0,61227.125,50.6,64726.796875,0,0.0,154.171875,deepseek-r1:7b,-1
2025-06-08T10:19:54.687854,2.852855,8.3,0.0,61227.125,50.6,64726.796875,0,0.0,154.171875,deepseek-r1:7b,-1
2025-06-08T10:19:54.793174,2.958175,0.0,0.0,61227.125,50.6,64726.796875,0,0.0,154.171875,deepseek-r1:7b,-1
2025-06-08T10:19:54.894578,3.059579,0.0,0.0,61227.125,50.6,64726.796875,0,0.0,154.171875,deepseek-r1:7b,-1
2025-06-08T10:19:54.999717,3.164718,9.9,0.0,61213.875,50.6,64734.734375,0,0.0,154.171875,deepseek-r1:7b,-1
2025-06-08T10:19:55.104887,3.269888,8.2,0.0,61213.5625,50.6,64735.390625,0,0.0,154.171875,deepseek-r1:7b,-1
2025-06-08T10:19:55.207619,3.37262,8.6,0.0,61213.453125,50.6,64735.96875,0,0.0,154.171875,deepseek-r1:7b,-1
2025-06-08T10:19:55.312294,3.477295,9.4,0.0,61213.453125,50.6,64736.296875,0,0.0,154.171875,deepseek-r1:7b,-1
2025-06-08T10:19:55.414621,3.579622,8.8,0.0,61213.453125,50.6,64736.296875,0,0.0,154.171875,deepseek-r1:7b,-1
2025-06-08T10:19:55.520005,3.685006,8.8,0.0,61213.453125,50.6,64736.296875,0,0.0,154.171875,deepseek-r1:7b,-1
2025-06-08T10:19:55.625322,3.790323,7.1,0.0,61213.453125,50.6,64736.296875,0,0.0,154.171875,deepseek-r1:7b,-1
2025-06-08T10:19:55.728958,3.893959,9.1,0.0,61213.453125,50.6,64736.296875,0,0.0,154.171875,deepseek-r1:7b,-1
2025-06-08T10:19:55.834368,3.999369,0.0,0.0,61213.453125,50.6,64736.296875,0,0.0,154.171875,deepseek-r1:7b,-1
2025-06-08T10:19:55.938021,4.103022,0.0,0.0,61213.453125,50.6,64736.296875,0,0.0,154.171875,deepseek-r1:7b,-1
2025-06-08T10:19:56.042896,4.207897,8.4,0.0,61213.421875,50.6,64735.90625,0,0.0,154.171875,deepseek-r1:7b,-1
2025-06-08T10:19:56.148286,4.313287,7.1,0.0,61212.40625,50.6,64737.34375,0,0.0,154.171875,deepseek-r1:7b,-1
2025-06-08T10:19:56.253506,4.418507,8.9,0.0,61212.796875,50.6,64738.078125,0,0.0,154.171875,deepseek-r1:7b,-1
2025-06-08T10:19:56.358860,4.523861,9.4,0.0,61212.796875,50.6,64738.40625,0,0.0,154.171875,deepseek-r1:7b,-1
2025-06-08T10:19:56.460346,4.625347,9.3,0.0,61212.796875,50.6,64738.40625,0,0.0,154.171875,deepseek-r1:7b,-1
2025-06-08T10:19:56.563378,4.728379,0.0,0.0,61212.796875,50.6,64738.40625,0,0.0,154.171875,deepseek-r1:7b,-1
2025-06-08T10:19:56.668755,4.833756,0.0,0.0,61212.796875,50.6,64738.40625,0,0.0,154.171875,deepseek-r1:7b,-1
2025-06-08T10:19:56.774066,4.939067,0.0,0.0,61212.796875,50.6,64738.40625,0,0.0,154.171875,deepseek-r1:7b,-1
2025-06-08T10:19:56.879453,5.044454,0.0,0.0,61212.796875,50.6,64738.40625,0,0.0,154.171875,deepseek-r1:7b,-1
2025-06-08T10:19:56.980442,5.145443,0.0,0.0,61212.796875,50.6,64738.40625,0,0.0,154.171875,deepseek-r1:7b,-1
2025-06-08T10:19:57.082253,5.247254,8.4,0.0,61209.6875,50.6,64740.453125,0,0.0,154.171875,deepseek-r1:7b,-1
2025-06-08T10:19:57.187686,5.352687,6.7,0.0,61209.6875,50.6,64740.453125,0,0.0,154.171875,deepseek-r1:7b,-1
2025-06-08T10:19:57.293091,5.458092,0.0,0.0,61209.6875,50.6,64740.453125,0,0.0,154.171875,deepseek-r1:7b,-1
2025-06-08T10:19:57.396995,5.561996,0.0,0.0,61209.6875,50.6,64740.453125,0,0.0,154.171875,deepseek-r1:7b,-1
2025-06-08T10:19:57.502336,5.667337,0.0,0.0,61209.6875,50.6,64740.453125,0,0.0,154.171875,deepseek-r1:7b,-1
2025-06-08T10:19:57.607679,5.77268,0.0,0.0,61209.6875,50.6,64740.453125,0,0.0,154.171875,deepseek-r1:7b,-1
2025-06-08T10:19:57.713015,5.878016,0.0,0.0,61209.6875,50.6,64740.453125,0,0.0,154.171875,deepseek-r1:7b,-1
2025-06-08T10:19:59.857537,0.036688,9.5,0.0,60720.046875,50.2,65231.390625,0,0.0,154.1875,deepseek-r1:7b,-1
2025-06-08T10:19:59.962657,0.141808,16.8,0.0,61043.0,50.5,64908.859375,0,0.0,154.1875,deepseek-r1:7b,-1
2025-06-08T10:20:00.067905,0.247056,15.2,0.0,61057.40625,50.5,64898.125,0,0.0,154.1875,deepseek-r1:7b,-1
2025-06-08T10:20:00.172154,0.351305,0.0,0.0,61057.40625,50.5,64898.125,0,0.0,154.1875,deepseek-r1:7b,-1
2025-06-08T10:20:00.273230,0.452381,0.0,0.0,61057.40625,50.5,64898.125,0,0.0,154.1875,deepseek-r1:7b,-1
2025-06-08T10:20:00.376146,0.555297,0.0,0.0,61057.40625,50.5,64898.125,0,0.0,154.1875,deepseek-r1:7b,-1
2025-06-08T10:20:00.478984,0.658135,0.0,0.0,61057.40625,50.5,64898.125,0,0.0,154.1875,deepseek-r1:7b,-1
2025-06-08T10:20:00.580912,0.760063,0.0,0.0,61057.40625,50.5,64898.125,0,0.0,154.1875,deepseek-r1:7b,-1
2025-06-08T10:20:00.686282,0.865433,0.0,0.0,61057.40625,50.5,64898.125,0,0.0,154.1875,deepseek-r1:7b,-1
2025-06-08T10:20:00.791630,0.970781,0.0,0.0,61057.40625,50.5,64898.125,0,0.0,154.1875,deepseek-r1:7b,-1
2025-06-08T10:20:00.897005,1.076156,9.0,0.0,61339.421875,50.7,64618.203125,0,0.0,154.1875,deepseek-r1:7b,-1
2025-06-08T10:20:00.999563,1.178714,7.4,0.0,61339.421875,50.7,64618.515625,0,0.0,154.1875,deepseek-r1:7b,-1
2025-06-08T10:20:01.104936,1.284087,10.1,0.0,61339.40625,50.7,64618.515625,0,0.0,154.1875,deepseek-r1:7b,-1
2025-06-08T10:20:01.207693,1.386844,9.6,0.0,61339.40625,50.7,64618.515625,0,0.0,154.1875,deepseek-r1:7b,-1
2025-06-08T10:20:01.313037,1.492188,9.0,0.0,61339.40625,50.7,64618.515625,0,0.0,154.1875,deepseek-r1:7b,-1
2025-06-08T10:20:01.418402,1.597553,9.9,0.0,61339.40625,50.7,64618.515625,0,0.0,154.1875,deepseek-r1:7b,-1
2025-06-08T10:20:01.520739,1.69989,9.2,0.0,61339.40625,50.7,64618.515625,0,0.0,154.1875,deepseek-r1:7b,-1
2025-06-08T10:20:01.626136,1.805287,0.0,0.0,61339.40625,50.7,64618.515625,0,0.0,154.1875,deepseek-r1:7b,-1
2025-06-08T10:20:01.731489,1.91064,0.0,0.0,61339.40625,50.7,64618.515625,0,0.0,154.1875,deepseek-r1:7b,-1
2025-06-08T10:20:01.836812,2.015963,0.0,0.0,61339.40625,50.7,64618.515625,0,0.0,154.1875,deepseek-r1:7b,-1
2025-06-08T10:20:01.941468,2.120619,8.4,0.0,61219.171875,50.6,64726.40625,0,0.0,154.1875,deepseek-r1:7b,-1
2025-06-08T10:20:02.046826,2.225977,7.4,0.0,61219.171875,50.6,64726.859375,0,0.0,154.1875,deepseek-r1:7b,-1
2025-06-08T10:20:02.152190,2.331341,7.6,0.0,61219.3125,50.6,64727.28125,0,0.0,154.1875,deepseek-r1:7b,-1
2025-06-08T10:20:02.255379,2.43453,8.1,0.0,61219.3125,50.6,64727.28125,0,0.0,154.1875,deepseek-r1:7b,-1
2025-06-08T10:20:02.357654,2.536805,10.2,0.0,61219.3125,50.6,64727.28125,0,0.0,154.1875,deepseek-r1:7b,-1
2025-06-08T10:20:02.463036,2.642187,14.6,0.0,61219.3125,50.6,64727.28125,0,0.0,154.1875,deepseek-r1:7b,-1
2025-06-08T10:20:02.567384,2.746535,7.9,0.0,61219.3125,50.6,64727.28125,0,0.0,154.1875,deepseek-r1:7b,-1
2025-06-08T10:20:02.669076,2.848227,6.9,0.0,61219.3125,50.6,64727.28125,0,0.0,154.1875,deepseek-r1:7b,-1
2025-06-08T10:20:02.769633,2.948784,9.3,0.0,61219.3125,50.6,64727.28125,0,0.0,154.1875,deepseek-r1:7b,-1
2025-06-08T10:20:02.872929,3.05208,0.0,0.0,61219.3125,50.6,64727.28125,0,0.0,154.1875,deepseek-r1:7b,-1
2025-06-08T10:20:02.978318,3.157469,10.5,0.0,61274.921875,50.7,64670.984375,0,0.0,154.1875,deepseek-r1:7b,-1
2025-06-08T10:20:03.082519,3.26167,7.8,0.0,61274.671875,50.7,64671.6875,0,0.0,154.1875,deepseek-r1:7b,-1
2025-06-08T10:20:03.187936,3.367087,8.9,0.0,61274.671875,50.7,64671.6875,0,0.0,154.1875,deepseek-r1:7b,-1
2025-06-08T10:20:03.288423,3.467574,7.5,0.0,61274.671875,50.7,64671.6875,0,0.0,154.1875,deepseek-r1:7b,-1
2025-06-08T10:20:03.390612,3.569763,9.1,0.0,61274.671875,50.7,64671.6875,0,0.0,154.1875,deepseek-r1:7b,-1
2025-06-08T10:20:03.492969,3.67212,9.9,0.0,61274.671875,50.7,64671.6875,0,0.0,154.1875,deepseek-r1:7b,-1
2025-06-08T10:20:03.593390,3.772541,9.9,0.0,61274.671875,50.7,64671.6875,0,0.0,154.1875,deepseek-r1:7b,-1
2025-06-08T10:20:03.697373,3.876524,7.3,0.0,61274.671875,50.7,64671.6875,0,0.0,154.1875,deepseek-r1:7b,-1
2025-06-08T10:20:03.798312,3.977463,8.7,0.0,61274.671875,50.7,64671.6875,0,0.0,154.1875,deepseek-r1:7b,-1
2025-06-08T10:20:03.903692,4.082843,0.0,0.0,61274.671875,50.7,64671.6875,0,0.0,154.1875,deepseek-r1:7b,-1
2025-06-08T10:20:04.006758,4.185909,8.4,0.0,61275.453125,50.7,64675.296875,0,0.0,154.1875,deepseek-r1:7b,-1
2025-06-08T10:20:04.108732,4.287883,9.0,0.0,61275.375,50.7,64671.8125,0,0.0,154.1875,deepseek-r1:7b,-1
2025-06-08T10:20:04.214108,4.393259,0.0,0.0,61203.296875,50.6,64744.21875,0,0.0,154.1875,deepseek-r1:7b,-1
2025-06-08T10:20:04.319485,4.498636,0.0,0.0,61203.28125,50.6,64744.703125,0,0.0,154.1875,deepseek-r1:7b,-1
2025-06-08T10:20:04.423359,4.60251,0.0,0.0,61203.28125,50.6,64744.703125,0,0.0,154.1875,deepseek-r1:7b,-1
2025-06-08T10:20:04.528759,4.70791,0.0,0.0,61203.28125,50.6,64744.703125,0,0.0,154.1875,deepseek-r1:7b,-1
2025-06-08T10:20:04.631061,4.810212,0.0,0.0,61203.28125,50.6,64744.703125,0,0.0,154.1875,deepseek-r1:7b,-1
2025-06-08T10:20:04.736459,4.91561,0.0,0.0,61203.28125,50.6,64744.703125,0,0.0,154.1875,deepseek-r1:7b,-1
2025-06-08T10:20:04.840978,5.020129,0.0,0.0,61203.28125,50.6,64744.703125,0,0.0,154.1875,deepseek-r1:7b,-1
2025-06-08T10:20:04.946323,5.125474,0.0,0.0,61203.28125,50.6,64744.703125,0,0.0,154.1875,deepseek-r1:7b,-1
2025-06-08T10:20:05.051502,5.230653,9.0,0.0,61200.40625,50.6,64748.1875,0,0.0,154.1875,deepseek-r1:7b,-1
2025-06-08T10:20:05.152639,5.33179,8.7,0.0,61200.40625,50.6,64748.1875,0,0.0,154.1875,deepseek-r1:7b,-1
2025-06-08T10:20:05.257973,5.437124,0.0,0.0,61200.40625,50.6,64748.1875,0,0.0,154.1875,deepseek-r1:7b,-1
2025-06-08T10:20:05.363364,5.542515,0.0,0.0,61200.40625,50.6,64748.1875,0,0.0,154.1875,deepseek-r1:7b,-1
2025-06-08T10:20:05.468697,5.647848,0.0,0.0,61200.40625,50.6,64748.1875,0,0.0,154.1875,deepseek-r1:7b,-1
2025-06-08T10:20:05.572206,5.751357,0.0,0.0,61200.40625,50.6,64748.1875,0,0.0,154.1875,deepseek-r1:7b,-1
2025-06-08T10:20:05.677560,5.856711,0.0,0.0,61200.40625,50.6,64748.1875,0,0.0,154.1875,deepseek-r1:7b,-1
2025-06-08T10:20:05.778146,5.957297,0.0,0.0,61200.40625,50.6,64748.1875,0,0.0,154.1875,deepseek-r1:7b,-1
2025-06-08T10:20:05.879529,6.05868,0.0,0.0,61200.40625,50.6,64748.1875,0,0.0,154.1875,deepseek-r1:7b,-1
2025-06-08T10:20:05.980660,6.159811,0.0,0.0,61200.40625,50.6,64748.1875,0,0.0,154.1875,deepseek-r1:7b,-1
2025-06-08T10:20:06.086039,6.26519,9.2,0.0,61199.828125,50.6,64746.671875,0,0.0,154.1875,deepseek-r1:7b,-1
2025-06-08T10:20:06.191359,6.37051,9.2,0.0,61199.6875,50.6,64747.1875,0,0.0,154.1875,deepseek-r1:7b,-1
2025-06-08T10:20:06.296696,6.475847,10.8,0.0,61199.640625,50.6,64747.6875,0,0.0,154.1875,deepseek-r1:7b,-1
2025-06-08T10:20:06.399312,6.578463,8.0,0.0,61199.5,50.6,64748.140625,0,0.0,154.1875,deepseek-r1:7b,-1
2025-06-08T10:20:06.500567,6.679718,9.1,0.0,61199.5,50.6,64748.140625,0,0.0,154.1875,deepseek-r1:7b,-1
2025-06-08T10:20:06.605912,6.785063,7.8,0.0,61199.5,50.6,64748.140625,0,0.0,154.1875,deepseek-r1:7b,-1
2025-06-08T10:20:06.706981,6.886132,0.0,0.0,61199.5,50.6,64748.140625,0,0.0,154.1875,deepseek-r1:7b,-1
2025-06-08T10:20:06.812322,6.991473,0.0,0.0,61199.5,50.6,64748.140625,0,0.0,154.1875,deepseek-r1:7b,-1
2025-06-08T10:20:06.917723,7.096874,0.0,0.0,61199.5,50.6,64748.140625,0,0.0,154.1875,deepseek-r1:7b,-1
2025-06-08T10:20:07.023069,7.20222,0.0,0.0,61199.5,50.6,64748.140625,0,0.0,154.1875,deepseek-r1:7b,-1
2025-06-08T10:20:07.125339,7.30449,11.2,0.0,61199.734375,50.6,64749.109375,0,0.0,154.1875,deepseek-r1:7b,-1
2025-06-08T10:20:07.229178,7.408329,12.1,0.0,61200.0,50.6,64747.78125,0,0.2,154.203125,deepseek-r1:7b,-1
2025-06-08T10:20:07.332641,7.511792,9.6,0.0,61200.0,50.6,64747.78125,0,0.0,154.203125,deepseek-r1:7b,-1
2025-06-08T10:20:07.434991,7.614142,9.9,0.0,61200.0,50.6,64747.78125,0,0.0,154.203125,deepseek-r1:7b,-1
2025-06-08T10:20:09.585967,0.041238,10.2,0.0,60526.390625,50.1,65432.515625,0,0.0,154.203125,deepseek-r1:7b,-1
2025-06-08T10:20:09.690970,0.146241,14.4,0.0,61066.5,50.5,64894.25,0,0.0,154.203125,deepseek-r1:7b,-1
2025-06-08T10:20:09.795649,0.25092,13.3,0.0,61077.375,50.5,64882.40625,0,0.0,154.203125,deepseek-r1:7b,-1
2025-06-08T10:20:09.900972,0.356243,13.5,0.0,61340.34375,50.7,64616.359375,0,0.0,154.203125,deepseek-r1:7b,-1
2025-06-08T10:20:10.006157,0.461428,8.9,0.0,61340.34375,50.7,64616.359375,0,0.0,154.203125,deepseek-r1:7b,-1
2025-06-08T10:20:10.111331,0.566602,0.0,0.0,61340.34375,50.7,64616.359375,0,0.0,154.203125,deepseek-r1:7b,-1
2025-06-08T10:20:10.216786,0.672057,0.0,0.0,61340.34375,50.7,64616.359375,0,0.0,154.203125,deepseek-r1:7b,-1
2025-06-08T10:20:10.322167,0.777438,0.0,0.0,61340.34375,50.7,64616.359375,0,0.0,154.203125,deepseek-r1:7b,-1
2025-06-08T10:20:10.427563,0.882834,0.0,0.0,61340.34375,50.7,64616.359375,0,0.0,154.203125,deepseek-r1:7b,-1
2025-06-08T10:20:10.532953,0.988224,0.0,0.0,61340.34375,50.7,64616.359375,0,0.0,154.203125,deepseek-r1:7b,-1
2025-06-08T10:20:10.638351,1.093622,9.3,0.0,61337.84375,50.7,64618.265625,0,0.0,154.203125,deepseek-r1:7b,-1
2025-06-08T10:20:10.743722,1.198993,10.3,0.0,61337.75,50.7,64618.96875,0,0.0,154.203125,deepseek-r1:7b,-1
2025-06-08T10:20:10.846850,1.302121,10.1,0.0,61337.75,50.7,64618.96875,0,0.0,154.203125,deepseek-r1:7b,-1
2025-06-08T10:20:10.948167,1.403438,0.0,0.0,61337.75,50.7,64618.96875,0,0.0,154.203125,deepseek-r1:7b,-1
2025-06-08T10:20:11.053558,1.508829,0.0,0.0,61337.75,50.7,64618.96875,0,0.0,154.203125,deepseek-r1:7b,-1
2025-06-08T10:20:11.158899,1.61417,0.0,0.0,61337.75,50.7,64618.96875,0,0.0,154.203125,deepseek-r1:7b,-1
2025-06-08T10:20:11.262325,1.717596,0.0,0.0,61337.75,50.7,64618.96875,0,0.0,154.203125,deepseek-r1:7b,-1
2025-06-08T10:20:11.365984,1.821255,0.0,0.0,61337.75,50.7,64618.96875,0,0.0,154.203125,deepseek-r1:7b,-1
2025-06-08T10:20:11.471375,1.926646,0.0,0.0,61337.75,50.7,64618.96875,0,0.0,154.203125,deepseek-r1:7b,-1
2025-06-08T10:20:11.576740,2.032011,0.0,0.0,61337.75,50.7,64618.96875,0,0.0,154.203125,deepseek-r1:7b,-1
2025-06-08T10:20:11.682108,2.137379,8.6,0.0,61211.96875,50.6,64748.234375,0,0.0,154.203125,deepseek-r1:7b,-1
2025-06-08T10:20:11.784059,2.23933,9.3,0.0,61211.96875,50.6,64748.234375,0,0.0,154.203125,deepseek-r1:7b,-1
2025-06-08T10:20:11.885088,2.340359,7.5,0.0,61211.96875,50.6,64748.234375,0,0.0,154.203125,deepseek-r1:7b,-1
2025-06-08T10:20:11.990430,2.445701,8.9,0.0,61211.96875,50.6,64748.234375,0,0.0,154.203125,deepseek-r1:7b,-1
2025-06-08T10:20:12.095800,2.551071,7.7,0.0,61211.96875,50.6,64748.234375,0,0.0,154.203125,deepseek-r1:7b,-1
2025-06-08T10:20:12.201178,2.656449,8.9,0.0,61211.96875,50.6,64748.234375,0,0.0,154.203125,deepseek-r1:7b,-1
2025-06-08T10:20:12.306551,2.761822,0.0,0.0,61211.96875,50.6,64748.234375,0,0.0,154.203125,deepseek-r1:7b,-1
2025-06-08T10:20:12.411900,2.867171,0.0,0.0,61211.96875,50.6,64748.234375,0,0.1,154.1875,deepseek-r1:7b,-1
2025-06-08T10:20:12.517253,2.972524,0.0,0.0,61211.96875,50.6,64748.234375,0,0.0,154.1875,deepseek-r1:7b,-1
2025-06-08T10:20:12.622652,3.077923,0.0,0.0,61211.96875,50.6,64748.234375,0,0.2,154.203125,deepseek-r1:7b,-1
2025-06-08T10:20:12.725637,3.180908,8.9,0.0,61198.359375,50.6,64763.03125,0,0.0,154.203125,deepseek-r1:7b,-1
2025-06-08T10:20:12.828992,3.284263,9.0,0.0,61198.34375,50.6,64763.390625,0,0.0,154.203125,deepseek-r1:7b,-1
2025-06-08T10:20:12.934348,3.389619,7.8,0.0,61198.34375,50.6,64763.390625,0,0.0,154.203125,deepseek-r1:7b,-1
2025-06-08T10:20:13.039702,3.494973,8.2,0.0,61198.34375,50.6,64763.390625,0,0.0,154.203125,deepseek-r1:7b,-1
2025-06-08T10:20:13.145071,3.600342,0.0,0.0,61198.34375,50.6,64763.390625,0,0.0,154.203125,deepseek-r1:7b,-1
2025-06-08T10:20:13.248033,3.703304,0.0,0.0,61198.34375,50.6,64763.390625,0,0.0,154.203125,deepseek-r1:7b,-1
2025-06-08T10:20:13.353392,3.808663,0.0,0.0,61198.34375,50.6,64763.390625,0,0.0,154.203125,deepseek-r1:7b,-1
2025-06-08T10:20:13.458758,3.914029,0.0,0.0,61198.34375,50.6,64763.390625,0,0.0,154.203125,deepseek-r1:7b,-1
2025-06-08T10:20:13.563903,4.019174,0.0,0.0,61198.34375,50.6,64763.390625,0,0.0,154.203125,deepseek-r1:7b,-1
2025-06-08T10:20:13.669287,4.124558,0.0,0.0,61198.34375,50.6,64763.390625,0,0.0,154.203125,deepseek-r1:7b,-1
2025-06-08T10:20:13.771402,4.226673,8.6,0.0,61191.8125,50.6,64769.734375,0,0.0,154.203125,deepseek-r1:7b,-1
2025-06-08T10:20:13.876760,4.332031,8.3,0.0,61191.828125,50.6,64770.21875,0,0.0,154.203125,deepseek-r1:7b,-1
2025-06-08T10:20:13.982092,4.437363,0.0,0.0,61191.828125,50.6,64770.21875,0,0.0,154.203125,deepseek-r1:7b,-1
2025-06-08T10:20:14.087477,4.542748,0.0,0.0,61191.828125,50.6,64770.21875,0,0.0,154.203125,deepseek-r1:7b,-1
2025-06-08T10:20:14.191156,4.646427,0.0,0.0,61191.828125,50.6,64770.21875,0,0.0,154.203125,deepseek-r1:7b,-1
2025-06-08T10:20:14.294553,4.749824,0.0,0.0,61191.828125,50.6,64770.21875,0,0.0,154.203125,deepseek-r1:7b,-1
2025-06-08T10:20:14.399314,4.854585,0.0,0.0,61191.828125,50.6,64770.21875,0,0.0,154.203125,deepseek-r1:7b,-1
2025-06-08T10:20:14.504656,4.959927,0.0,0.0,61191.828125,50.6,64770.21875,0,0.0,154.203125,deepseek-r1:7b,-1
2025-06-08T10:20:14.610001,5.065272,0.0,0.0,61191.828125,50.6,64770.21875,0,0.0,154.203125,deepseek-r1:7b,-1
2025-06-08T10:20:14.714806,5.170077,0.0,0.0,61191.828125,50.6,64770.21875,0,0.0,154.203125,deepseek-r1:7b,-1
2025-06-08T10:20:14.820159,5.27543,8.5,0.0,61188.53125,50.6,64769.140625,0,0.0,154.203125,deepseek-r1:7b,-1
2025-06-08T10:20:14.924314,5.379585,12.5,0.0,61188.515625,50.6,64771.015625,0,0.0,154.203125,deepseek-r1:7b,-1
2025-06-08T10:20:15.029490,5.484761,8.3,0.0,61188.515625,50.6,64771.015625,0,0.0,154.203125,deepseek-r1:7b,-1
2025-06-08T10:20:15.130879,5.58615,8.0,0.0,61188.515625,50.6,64771.015625,0,0.0,154.203125,deepseek-r1:7b,-1
2025-06-08T10:20:15.234075,5.689346,5.6,0.0,61188.515625,50.6,64771.015625,0,0.0,154.203125,deepseek-r1:7b,-1
2025-06-08T10:20:15.339467,5.794738,12.1,0.0,61188.515625,50.6,64771.015625,0,0.0,154.203125,deepseek-r1:7b,-1
2025-06-08T10:20:15.441107,5.896378,8.1,0.0,61188.515625,50.6,64771.015625,0,0.0,154.203125,deepseek-r1:7b,-1
2025-06-08T10:20:15.541786,5.997057,0.0,0.0,61188.515625,50.6,64771.015625,0,0.0,154.203125,deepseek-r1:7b,-1
2025-06-08T10:20:15.647128,6.102399,0.0,0.0,61188.515625,50.6,64771.015625,0,0.0,154.203125,deepseek-r1:7b,-1
2025-06-08T10:20:15.752504,6.207775,0.0,0.0,61188.515625,50.6,64771.015625,0,0.0,154.203125,deepseek-r1:7b,-1
2025-06-08T10:20:15.857821,6.313092,8.6,0.0,61188.40625,50.6,64774.703125,0,0.0,154.203125,deepseek-r1:7b,-1
2025-06-08T10:20:15.963192,6.418463,7.8,0.0,61188.40625,50.6,64775.1875,0,0.0,154.203125,deepseek-r1:7b,-1
2025-06-08T10:20:16.068559,6.52383,8.7,0.0,61188.40625,50.6,64775.1875,0,0.0,154.203125,deepseek-r1:7b,-1
2025-06-08T10:20:16.173970,6.629241,8.4,0.0,61188.40625,50.6,64775.1875,0,0.0,154.203125,deepseek-r1:7b,-1
2025-06-08T10:20:16.278999,6.73427,7.6,0.0,61188.40625,50.6,64775.1875,0,0.0,154.203125,deepseek-r1:7b,-1
2025-06-08T10:20:16.384390,6.839661,9.0,0.0,61188.40625,50.6,64775.1875,0,0.0,154.203125,deepseek-r1:7b,-1
2025-06-08T10:20:16.487327,6.942598,9.0,0.0,61188.40625,50.6,64775.1875,0,0.0,154.203125,deepseek-r1:7b,-1
2025-06-08T10:20:16.592666,7.047937,9.5,0.0,61188.40625,50.6,64775.1875,0,0.0,154.203125,deepseek-r1:7b,-1
2025-06-08T10:20:16.693970,7.149241,0.0,0.0,61188.40625,50.6,64775.1875,0,0.0,154.203125,deepseek-r1:7b,-1
2025-06-08T10:20:16.794344,7.249615,0.0,0.0,61188.40625,50.6,64775.1875,0,0.0,154.203125,deepseek-r1:7b,-1
2025-06-08T10:20:16.896018,7.351289,8.6,0.0,61188.140625,50.6,64775.09375,0,0.0,154.203125,deepseek-r1:7b,-1
2025-06-08T10:20:17.001393,7.456664,7.3,0.0,61188.140625,50.6,64775.09375,0,0.0,154.203125,deepseek-r1:7b,-1
2025-06-08T10:20:17.106738,7.562009,8.2,0.0,61188.140625,50.6,64775.09375,0,0.0,154.203125,deepseek-r1:7b,-1
2025-06-08T10:20:17.210644,7.665915,7.9,0.0,61188.140625,50.6,64775.09375,0,0.0,154.203125,deepseek-r1:7b,-1
2025-06-08T10:20:17.311855,7.767126,9.2,0.0,61188.140625,50.6,64775.09375,0,0.0,154.203125,deepseek-r1:7b,-1
2025-06-08T10:20:19.449378,0.02633,10.8,0.0,60443.578125,50.0,65512.59375,0,0.0,154.1875,deepseek-r1:7b,-1
2025-06-08T10:20:19.554527,0.131479,13.5,0.0,60981.640625,50.4,64972.375,0,0.0,154.1875,deepseek-r1:7b,-1
2025-06-08T10:20:19.655802,0.232754,14.2,0.0,60992.5,50.4,64964.5625,0,0.0,154.1875,deepseek-r1:7b,-1
2025-06-08T10:20:19.759705,0.336657,9.4,0.0,60992.5,50.4,64964.5625,0,0.0,154.1875,deepseek-r1:7b,-1
2025-06-08T10:20:19.860870,0.437822,8.8,0.0,60992.5,50.4,64964.5625,0,0.0,154.1875,deepseek-r1:7b,-1
2025-06-08T10:20:19.965890,0.542842,12.0,0.0,60992.5,50.4,64964.5625,0,0.0,154.1875,deepseek-r1:7b,-1
2025-06-08T10:20:20.068639,0.645591,8.4,0.0,60992.5,50.4,64964.5625,0,0.0,154.1875,deepseek-r1:7b,-1
2025-06-08T10:20:20.169411,0.746363,7.5,0.0,60992.5,50.4,64964.5625,0,0.0,154.1875,deepseek-r1:7b,-1
2025-06-08T10:20:20.274821,0.851773,8.5,0.0,60992.5,50.4,64964.5625,0,0.0,154.1875,deepseek-r1:7b,-1
2025-06-08T10:20:20.380184,0.957136,0.0,0.0,60992.5,50.4,64964.5625,0,0.0,154.1875,deepseek-r1:7b,-1
2025-06-08T10:20:20.485577,1.062529,9.0,0.0,61283.84375,50.7,64667.703125,0,0.0,154.1875,deepseek-r1:7b,-1
2025-06-08T10:20:20.590957,1.167909,12.1,0.0,61282.859375,50.7,64669.28125,0,0.0,154.1875,deepseek-r1:7b,-1
2025-06-08T10:20:20.692432,1.269384,7.5,0.0,61282.859375,50.7,64669.28125,0,0.0,154.1875,deepseek-r1:7b,-1
2025-06-08T10:20:20.797457,1.374409,0.0,0.0,61282.859375,50.7,64669.28125,0,0.0,154.1875,deepseek-r1:7b,-1
2025-06-08T10:20:20.902818,1.47977,0.0,0.0,61282.859375,50.7,64669.28125,0,0.0,154.1875,deepseek-r1:7b,-1
2025-06-08T10:20:21.008181,1.585133,0.0,0.0,61282.859375,50.7,64669.28125,0,0.0,154.1875,deepseek-r1:7b,-1
2025-06-08T10:20:21.111534,1.688486,0.0,0.0,61282.859375,50.7,64669.28125,0,0.0,154.1875,deepseek-r1:7b,-1
2025-06-08T10:20:21.214340,1.791292,0.0,0.0,61282.859375,50.7,64669.28125,0,0.0,154.1875,deepseek-r1:7b,-1
2025-06-08T10:20:21.319678,1.89663,0.0,0.0,61282.859375,50.7,64669.28125,0,0.0,154.1875,deepseek-r1:7b,-1
2025-06-08T10:20:21.425085,2.002037,0.0,0.0,61282.859375,50.7,64669.28125,0,0.0,154.1875,deepseek-r1:7b,-1
2025-06-08T10:20:21.530554,2.107506,9.5,0.0,61167.796875,50.6,64789.734375,0,0.0,154.1875,deepseek-r1:7b,-1
2025-06-08T10:20:21.635919,2.212871,9.0,0.0,61167.796875,50.6,64789.734375,0,0.0,154.1875,deepseek-r1:7b,-1
2025-06-08T10:20:21.736761,2.313713,8.2,0.0,61167.796875,50.6,64789.734375,0,0.0,154.1875,deepseek-r1:7b,-1
2025-06-08T10:20:21.841497,2.418449,8.8,0.0,61167.796875,50.6,64789.734375,0,0.0,154.1875,deepseek-r1:7b,-1
2025-06-08T10:20:21.945153,2.522105,8.6,0.0,61167.796875,50.6,64789.734375,0,0.0,154.1875,deepseek-r1:7b,-1
2025-06-08T10:20:22.048559,2.625511,6.6,0.0,61167.796875,50.6,64789.734375,0,0.0,154.1875,deepseek-r1:7b,-1
2025-06-08T10:20:22.152202,2.729154,9.1,0.0,61167.796875,50.6,64789.734375,0,0.0,154.1875,deepseek-r1:7b,-1
2025-06-08T10:20:22.254022,2.830974,8.6,0.0,61167.796875,50.6,64789.734375,0,0.0,154.1875,deepseek-r1:7b,-1
2025-06-08T10:20:22.358171,2.935123,10.0,0.0,61167.796875,50.6,64789.734375,0,0.0,154.1875,deepseek-r1:7b,-1
2025-06-08T10:20:22.461862,3.038814,0.0,0.0,61167.796875,50.6,64789.734375,0,0.0,154.1875,deepseek-r1:7b,-1
2025-06-08T10:20:22.563258,3.14021,8.1,0.0,61167.34375,50.6,64787.65625,0,0.0,154.1875,deepseek-r1:7b,-1
2025-06-08T10:20:22.666288,3.24324,7.9,0.0,61167.34375,50.6,64787.984375,0,0.0,154.1875,deepseek-r1:7b,-1
2025-06-08T10:20:24.811743,0.036346,9.5,0.0,60437.140625,50.0,65514.4375,0,0.0,154.203125,deepseek-r1:7b,-1
2025-06-08T10:20:24.912337,0.13694,18.5,0.0,60979.09375,50.4,64977.390625,0,0.0,154.203125,deepseek-r1:7b,-1
2025-06-08T10:20:25.016629,0.241232,16.6,0.0,60979.109375,50.4,64977.390625,0,0.0,154.203125,deepseek-r1:7b,-1
2025-06-08T10:20:25.119995,0.344598,0.0,0.0,60979.109375,50.4,64977.390625,0,0.0,154.203125,deepseek-r1:7b,-1
2025-06-08T10:20:25.222880,0.447483,0.0,0.0,60979.109375,50.4,64977.390625,0,0.0,154.203125,deepseek-r1:7b,-1
2025-06-08T10:20:25.324831,0.549434,0.0,0.0,60979.109375,50.4,64977.390625,0,0.0,154.203125,deepseek-r1:7b,-1
2025-06-08T10:20:25.425525,0.650128,0.0,0.0,60979.109375,50.4,64977.390625,0,0.0,154.203125,deepseek-r1:7b,-1
2025-06-08T10:20:25.530966,0.755569,0.0,0.0,60979.109375,50.4,64977.390625,0,0.0,154.203125,deepseek-r1:7b,-1
2025-06-08T10:20:25.636323,0.860926,0.0,0.0,60979.109375,50.4,64977.390625,0,0.0,154.203125,deepseek-r1:7b,-1
2025-06-08T10:20:25.741290,0.965893,0.0,0.0,60979.109375,50.4,64977.390625,0,0.0,154.203125,deepseek-r1:7b,-1
2025-06-08T10:20:25.843804,1.068407,8.5,0.0,61292.625,50.7,64667.09375,0,0.0,154.203125,deepseek-r1:7b,-1
2025-06-08T10:20:25.944962,1.169565,16.0,0.0,61298.984375,50.7,64662.5625,0,0.0,154.203125,deepseek-r1:7b,-1
2025-06-08T10:20:26.050377,1.27498,10.1,0.0,61304.390625,50.7,64651.578125,0,0.0,154.203125,deepseek-r1:7b,-1
2025-06-08T10:20:26.155717,1.38032,7.1,0.0,61304.390625,50.7,64651.578125,0,0.0,154.203125,deepseek-r1:7b,-1
2025-06-08T10:20:26.261057,1.48566,9.0,0.0,61304.390625,50.7,64651.578125,0,0.0,154.203125,deepseek-r1:7b,-1
2025-06-08T10:20:26.366394,1.590997,9.0,0.0,61304.390625,50.7,64651.578125,0,0.0,154.203125,deepseek-r1:7b,-1
2025-06-08T10:20:26.467988,1.692591,9.1,0.0,61304.390625,50.7,64651.578125,0,0.0,154.203125,deepseek-r1:7b,-1
2025-06-08T10:20:26.571446,1.796049,8.5,0.0,61304.390625,50.7,64651.578125,0,0.0,154.203125,deepseek-r1:7b,-1
2025-06-08T10:20:26.675135,1.899738,8.4,0.0,61304.390625,50.7,64651.578125,0,0.0,154.203125,deepseek-r1:7b,-1
2025-06-08T10:20:26.780499,2.005102,8.8,0.0,61304.390625,50.7,64651.578125,0,0.0,154.203125,deepseek-r1:7b,-1
2025-06-08T10:20:26.885054,2.109657,9.1,0.0,61187.03125,50.6,64763.40625,0,0.0,154.203125,deepseek-r1:7b,-1
2025-06-08T10:20:26.986126,2.210729,9.8,0.0,61187.03125,50.6,64763.875,0,0.0,154.203125,deepseek-r1:7b,-1
2025-06-08T10:20:27.091159,2.315762,6.6,0.0,61186.890625,50.6,64764.390625,0,0.0,154.203125,deepseek-r1:7b,-1
2025-06-08T10:20:27.194532,2.419135,0.0,0.0,61186.890625,50.6,64764.84375,0,0.0,154.203125,deepseek-r1:7b,-1
2025-06-08T10:20:27.299923,2.524526,0.0,0.0,61186.890625,50.6,64764.84375,0,0.0,154.203125,deepseek-r1:7b,-1
2025-06-08T10:20:27.403509,2.628112,0.0,0.0,61186.890625,50.6,64764.84375,0,0.0,154.203125,deepseek-r1:7b,-1
2025-06-08T10:20:27.507692,2.732295,0.0,0.0,61186.890625,50.6,64764.84375,0,0.0,154.203125,deepseek-r1:7b,-1
2025-06-08T10:20:27.613028,2.837631,0.0,0.0,61186.890625,50.6,64764.84375,0,0.0,154.203125,deepseek-r1:7b,-1
2025-06-08T10:20:27.718400,2.943003,0.0,0.0,61186.890625,50.6,64764.84375,0,0.0,154.203125,deepseek-r1:7b,-1
2025-06-08T10:20:27.820171,3.044774,0.0,0.0,61186.890625,50.6,64764.84375,0,0.0,154.203125,deepseek-r1:7b,-1
2025-06-08T10:20:27.925557,3.15016,9.0,0.0,61174.109375,50.6,64776.9375,0,0.0,154.203125,deepseek-r1:7b,-1
2025-06-08T10:20:28.029576,3.254179,8.4,0.0,61174.125,50.6,64777.265625,0,0.0,154.203125,deepseek-r1:7b,-1
2025-06-08T10:20:28.131396,3.355999,7.4,0.0,61174.109375,50.6,64773.734375,0,0.0,154.203125,deepseek-r1:7b,-1
2025-06-08T10:20:28.234465,3.459068,8.5,0.0,61174.109375,50.6,64773.734375,0,0.0,154.203125,deepseek-r1:7b,-1
2025-06-08T10:20:28.336064,3.560667,9.3,0.0,61174.109375,50.6,64773.734375,0,0.0,154.203125,deepseek-r1:7b,-1
2025-06-08T10:20:28.438826,3.663429,10.2,0.0,61174.109375,50.6,64773.734375,0,0.0,154.203125,deepseek-r1:7b,-1
2025-06-08T10:20:28.540100,3.764703,9.3,0.0,61174.109375,50.6,64773.734375,0,0.0,154.203125,deepseek-r1:7b,-1
2025-06-08T10:20:28.645457,3.87006,0.0,0.0,61174.109375,50.6,64773.734375,0,0.0,154.203125,deepseek-r1:7b,-1
2025-06-08T10:20:28.746992,3.971595,0.0,0.0,61174.109375,50.6,64773.734375,0,0.0,154.203125,deepseek-r1:7b,-1
2025-06-08T10:20:28.852498,4.077101,0.0,0.0,61174.109375,50.6,64773.734375,0,0.0,154.203125,deepseek-r1:7b,-1
2025-06-08T10:20:28.957858,4.182461,17.1,0.0,61168.59375,50.6,64778.765625,0,0.0,154.203125,deepseek-r1:7b,-1
2025-06-08T10:20:29.063207,4.28781,7.3,0.0,61168.59375,50.6,64778.765625,0,0.0,154.203125,deepseek-r1:7b,-1
2025-06-08T10:20:29.168553,4.393156,8.1,0.0,61168.59375,50.6,64778.765625,0,0.0,154.203125,deepseek-r1:7b,-1
2025-06-08T10:20:29.273900,4.498503,8.3,0.0,61168.59375,50.6,64778.765625,0,0.0,154.203125,deepseek-r1:7b,-1
2025-06-08T10:20:29.378508,4.603111,8.0,0.0,61168.59375,50.6,64778.765625,0,0.0,154.203125,deepseek-r1:7b,-1
2025-06-08T10:20:29.480297,4.7049,0.0,0.0,61168.59375,50.6,64778.765625,0,0.0,154.203125,deepseek-r1:7b,-1
2025-06-08T10:20:29.585679,4.810282,0.0,0.0,61168.59375,50.6,64778.765625,0,0.0,154.203125,deepseek-r1:7b,-1
2025-06-08T10:20:29.691054,4.915657,0.0,0.0,61168.59375,50.6,64778.765625,0,0.0,154.203125,deepseek-r1:7b,-1
2025-06-08T10:20:29.794613,5.019216,0.0,0.0,61168.59375,50.6,64778.765625,0,0.0,154.203125,deepseek-r1:7b,-1
2025-06-08T10:20:29.899962,5.124565,0.0,0.0,61168.59375,50.6,64778.765625,0,0.0,154.203125,deepseek-r1:7b,-1
2025-06-08T10:20:30.005107,5.22971,9.4,0.0,61165.59375,50.6,64791.28125,0,0.0,154.203125,deepseek-r1:7b,-1
2025-06-08T10:20:30.110275,5.334878,8.9,0.0,61165.609375,50.6,64791.59375,0,0.0,154.203125,deepseek-r1:7b,-1
2025-06-08T10:20:30.213870,5.438473,6.7,0.0,61165.609375,50.6,64792.03125,0,0.0,154.203125,deepseek-r1:7b,-1
2025-06-08T10:20:30.319258,5.543861,9.9,0.0,61165.609375,50.6,64792.03125,0,0.0,154.203125,deepseek-r1:7b,-1
2025-06-08T10:20:30.421636,5.646239,8.1,0.0,61165.609375,50.6,64792.03125,0,0.0,154.203125,deepseek-r1:7b,-1
2025-06-08T10:20:30.524353,5.748956,8.5,0.0,61165.609375,50.6,64792.03125,0,0.0,154.203125,deepseek-r1:7b,-1
2025-06-08T10:20:30.629733,5.854336,7.7,0.0,61165.609375,50.6,64792.03125,0,0.0,154.203125,deepseek-r1:7b,-1
2025-06-08T10:20:30.734596,5.959199,0.0,0.0,61165.609375,50.6,64792.03125,0,0.0,154.203125,deepseek-r1:7b,-1
2025-06-08T10:20:30.837841,6.062444,0.0,0.0,61165.609375,50.6,64792.03125,0,0.0,154.203125,deepseek-r1:7b,-1
2025-06-08T10:20:30.939815,6.164418,0.0,0.0,61165.609375,50.6,64792.03125,0,0.0,154.203125,deepseek-r1:7b,-1
2025-06-08T10:20:31.044641,6.269244,9.0,0.0,61165.625,50.6,64783.5625,0,0.0,154.203125,deepseek-r1:7b,-1
2025-06-08T10:20:31.150028,6.374631,8.3,0.0,61165.625,50.6,64784.015625,0,0.0,154.203125,deepseek-r1:7b,-1
2025-06-08T10:20:31.255371,6.479974,8.3,0.0,61165.15625,50.6,64784.828125,0,0.0,154.203125,deepseek-r1:7b,-1
2025-06-08T10:20:31.359239,6.583842,9.1,0.0,61165.15625,50.6,64784.828125,0,0.0,154.203125,deepseek-r1:7b,-1
2025-06-08T10:20:31.464629,6.689232,8.9,0.0,61165.15625,50.6,64784.828125,0,0.0,154.203125,deepseek-r1:7b,-1
2025-06-08T10:20:31.569996,6.794599,9.5,0.0,61165.15625,50.6,64784.828125,0,0.0,154.203125,deepseek-r1:7b,-1
2025-06-08T10:20:31.675393,6.899996,7.7,0.0,61165.15625,50.6,64784.828125,0,0.0,154.203125,deepseek-r1:7b,-1
2025-06-08T10:20:31.778515,7.003118,7.5,0.0,61165.15625,50.6,64784.828125,0,0.0,154.203125,deepseek-r1:7b,-1
2025-06-08T10:20:31.883869,7.108472,8.8,0.0,61165.15625,50.6,64784.828125,0,0.0,154.203125,deepseek-r1:7b,-1
2025-06-08T10:20:31.989184,7.213787,0.0,0.0,61165.15625,50.6,64784.828125,0,0.0,154.203125,deepseek-r1:7b,-1
2025-06-08T10:20:32.091096,7.315699,7.6,0.0,61165.265625,50.6,64780.203125,0,0.0,154.203125,deepseek-r1:7b,-1
2025-06-08T10:20:32.196460,7.421063,8.8,0.0,61164.9375,50.6,64780.984375,0,0.0,154.203125,deepseek-r1:7b,-1
2025-06-08T10:20:32.299838,7.524441,9.7,0.0,61164.828125,50.6,64781.421875,0,0.0,154.203125,deepseek-r1:7b,-1
2025-06-08T10:20:32.405206,7.629809,10.5,0.0,61164.828125,50.6,64781.90625,0,0.0,154.203125,deepseek-r1:7b,-1
2025-06-08T10:20:32.507678,7.732281,0.0,0.0,61164.828125,50.6,64781.90625,0,0.0,154.203125,deepseek-r1:7b,-1
2025-06-08T10:20:32.608050,7.832653,0.0,0.0,61164.828125,50.6,64781.90625,0,0.0,154.203125,deepseek-r1:7b,-1
2025-06-08T10:20:32.713367,7.93797,0.0,0.0,61164.828125,50.6,64781.90625,0,0.0,154.203125,deepseek-r1:7b,-1
2025-06-08T10:20:32.818380,8.042983,0.0,0.0,61164.828125,50.6,64781.90625,0,0.0,154.203125,deepseek-r1:7b,-1
2025-06-08T10:20:32.920169,8.144772,0.0,0.0,61164.828125,50.6,64781.90625,0,0.0,154.203125,deepseek-r1:7b,-1
2025-06-08T10:20:33.025462,8.250065,0.0,0.0,61164.828125,50.6,64781.90625,0,0.0,154.203125,deepseek-r1:7b,-1
2025-06-08T10:20:33.126463,8.351066,8.9,0.0,61268.71875,50.7,64681.078125,0,0.0,154.203125,deepseek-r1:7b,-1
2025-06-08T10:20:33.231878,8.456481,6.7,0.0,61268.71875,50.7,64681.078125,0,0.0,154.203125,deepseek-r1:7b,-1
2025-06-08T10:20:33.333235,8.557838,9.9,0.0,61268.71875,50.7,64681.078125,0,0.0,154.203125,deepseek-r1:7b,-1
2025-06-08T10:20:33.434402,8.659005,9.2,0.0,61268.71875,50.7,64681.078125,0,0.0,154.203125,deepseek-r1:7b,-1
2025-06-08T10:20:33.538782,8.763385,11.1,0.0,61268.71875,50.7,64681.078125,0,0.0,154.203125,deepseek-r1:7b,-1
2025-06-08T10:20:33.641833,8.866436,7.4,0.0,61268.71875,50.7,64681.078125,0,0.0,154.203125,deepseek-r1:7b,-1
2025-06-08T10:20:33.747214,8.971817,8.4,0.0,61268.71875,50.7,64681.078125,0,0.0,154.203125,deepseek-r1:7b,-1
2025-06-08T10:20:33.848760,9.073363,9.9,0.0,61268.71875,50.7,64681.078125,0,0.0,154.203125,deepseek-r1:7b,-1
2025-06-08T10:20:33.950075,9.174678,8.0,0.0,61268.71875,50.7,64681.078125,0,0.0,154.203125,deepseek-r1:7b,-1
2025-06-08T10:20:34.055448,9.280051,0.0,0.0,61268.71875,50.7,64681.078125,0,0.0,154.203125,deepseek-r1:7b,-1
2025-06-08T10:20:34.160810,9.385413,8.4,0.0,61266.921875,50.7,64683.4375,0,0.0,154.203125,deepseek-r1:7b,-1
2025-06-08T10:20:34.262331,9.486934,8.0,0.0,61195.0,50.6,64755.96875,0,0.0,154.203125,deepseek-r1:7b,-1
2025-06-08T10:20:34.367675,9.592278,10.1,0.0,61195.0,50.6,64755.96875,0,0.0,154.203125,deepseek-r1:7b,-1
2025-06-08T10:20:34.472468,9.697071,9.7,0.0,61195.0,50.6,64755.96875,0,0.0,154.203125,deepseek-r1:7b,-1
2025-06-08T10:20:34.575764,9.800367,9.5,0.0,61195.0,50.6,64755.96875,0,0.0,154.203125,deepseek-r1:7b,-1
2025-06-08T10:20:34.681109,9.905712,7.1,0.0,61195.0,50.6,64755.96875,0,0.0,154.203125,deepseek-r1:7b,-1
2025-06-08T10:20:34.786420,10.011023,9.4,0.0,61195.0,50.6,64755.96875,0,0.0,154.203125,deepseek-r1:7b,-1
2025-06-08T10:20:34.891506,10.116109,8.9,0.0,61195.0,50.6,64755.96875,0,0.0,154.203125,deepseek-r1:7b,-1
2025-06-08T10:20:34.996825,10.221428,8.3,0.0,61195.0,50.6,64755.96875,0,0.0,154.203125,deepseek-r1:7b,-1
2025-06-08T10:20:35.097743,10.322346,9.3,0.0,61195.0,50.6,64755.96875,0,0.0,154.203125,deepseek-r1:7b,-1
2025-06-08T10:20:35.203096,10.427699,7.7,0.0,61193.984375,50.6,64759.421875,0,0.0,154.203125,deepseek-r1:7b,-1
2025-06-08T10:20:35.308176,10.532779,8.4,0.0,61190.96875,50.6,64762.734375,0,0.0,154.203125,deepseek-r1:7b,-1
2025-06-08T10:20:35.413320,10.637923,9.5,0.0,61190.96875,50.6,64763.203125,0,0.0,154.203125,deepseek-r1:7b,-1
2025-06-08T10:20:35.518658,10.743261,7.9,0.0,61190.96875,50.6,64763.203125,0,0.0,154.203125,deepseek-r1:7b,-1
2025-06-08T10:20:35.623992,10.848595,0.0,0.0,61190.96875,50.6,64763.203125,0,0.0,154.203125,deepseek-r1:7b,-1
2025-06-08T10:20:35.725455,10.950058,0.0,0.0,61190.96875,50.6,64763.203125,0,0.0,154.203125,deepseek-r1:7b,-1
2025-06-08T10:20:35.828504,11.053107,0.0,0.0,61190.96875,50.6,64763.203125,0,0.0,154.203125,deepseek-r1:7b,-1
2025-06-08T10:20:35.933847,11.15845,0.0,0.0,61190.96875,50.6,64763.203125,0,0.0,154.203125,deepseek-r1:7b,-1
2025-06-08T10:20:36.039174,11.263777,0.0,0.0,61190.96875,50.6,64763.203125,0,0.0,154.203125,deepseek-r1:7b,-1
2025-06-08T10:20:36.144481,11.369084,0.0,0.0,61190.96875,50.6,64763.203125,0,0.0,154.203125,deepseek-r1:7b,-1
2025-06-08T10:20:36.249787,11.47439,8.5,0.0,61187.0,50.6,64766.515625,0,0.0,154.203125,deepseek-r1:7b,-1
2025-06-08T10:20:36.355207,11.57981,8.9,0.0,61187.0,50.6,64766.515625,0,0.0,154.203125,deepseek-r1:7b,-1
2025-06-08T10:20:36.460541,11.685144,13.7,0.0,61187.0,50.6,64766.515625,0,0.0,154.203125,deepseek-r1:7b,-1
2025-06-08T10:20:36.562355,11.786958,8.1,0.0,61187.0,50.6,64766.515625,0,0.0,154.203125,deepseek-r1:7b,-1
2025-06-08T10:20:36.667644,11.892247,7.8,0.0,61187.0,50.6,64766.515625,0,0.0,154.203125,deepseek-r1:7b,-1
2025-06-08T10:20:36.768309,11.992912,9.2,0.0,61187.0,50.6,64766.515625,0,0.0,154.203125,deepseek-r1:7b,-1
2025-06-08T10:20:36.873668,12.098271,8.5,0.0,61187.0,50.6,64766.515625,0,0.0,154.203125,deepseek-r1:7b,-1
2025-06-08T10:20:36.978996,12.203599,7.6,0.0,61187.0,50.6,64766.515625,0,0.0,154.203125,deepseek-r1:7b,-1
2025-06-08T10:20:37.084297,12.3089,0.0,0.0,61187.0,50.6,64766.515625,0,0.0,154.203125,deepseek-r1:7b,-1
2025-06-08T10:20:37.189612,12.414215,0.0,0.0,61187.0,50.6,64766.515625,0,0.0,154.203125,deepseek-r1:7b,-1
2025-06-08T10:20:37.294928,12.519531,8.7,0.0,61186.8125,50.6,64762.953125,0,0.0,154.203125,deepseek-r1:7b,-1
2025-06-08T10:20:37.398020,12.622623,8.6,0.0,61186.8125,50.6,64763.40625,0,0.0,154.203125,deepseek-r1:7b,-1
2025-06-08T10:20:37.502840,12.727443,8.5,0.0,61186.8125,50.6,64763.40625,0,0.0,154.203125,deepseek-r1:7b,-1
2025-06-08T10:20:37.604799,12.829402,9.0,0.0,61186.8125,50.6,64763.40625,0,0.0,154.203125,deepseek-r1:7b,-1
2025-06-08T10:20:37.710095,12.934698,6.0,0.0,61186.8125,50.6,64763.40625,0,0.0,154.203125,deepseek-r1:7b,-1
2025-06-08T10:20:37.815409,13.040012,10.6,0.0,61186.8125,50.6,64763.40625,0,0.0,154.203125,deepseek-r1:7b,-1
2025-06-08T10:20:37.920730,13.145333,8.4,0.0,61186.8125,50.6,64763.40625,0,0.0,154.203125,deepseek-r1:7b,-1
2025-06-08T10:20:38.021630,13.246233,0.0,0.0,61186.8125,50.6,64763.40625,0,0.0,154.203125,deepseek-r1:7b,-1
2025-06-08T10:20:38.123703,13.348306,0.0,0.0,61186.8125,50.6,64763.40625,0,0.0,154.203125,deepseek-r1:7b,-1
2025-06-08T10:20:38.229087,13.45369,0.0,0.0,61186.8125,50.6,64763.40625,0,0.0,154.203125,deepseek-r1:7b,-1
2025-06-08T10:20:38.333170,13.557773,8.0,0.0,61186.625,50.6,64767.234375,0,0.0,154.203125,deepseek-r1:7b,-1
2025-06-08T10:20:38.438547,13.66315,11.2,0.0,61186.625,50.6,64767.734375,0,0.0,154.203125,deepseek-r1:7b,-1
2025-06-08T10:20:38.541015,13.765618,7.4,0.0,61186.640625,50.6,64768.0625,0,0.0,154.203125,deepseek-r1:7b,-1
2025-06-08T10:20:38.645889,13.870492,8.3,0.0,61186.65625,50.6,64768.5625,0,0.0,154.203125,deepseek-r1:7b,-1
2025-06-08T10:20:38.750406,13.975009,8.9,0.0,61186.65625,50.6,64768.5625,0,0.0,154.203125,deepseek-r1:7b,-1
2025-06-08T10:20:38.855761,14.080364,8.4,0.0,61186.65625,50.6,64768.5625,0,0.0,154.203125,deepseek-r1:7b,-1
2025-06-08T10:20:38.961106,14.185709,0.0,0.0,61186.65625,50.6,64768.5625,0,0.0,154.203125,deepseek-r1:7b,-1
2025-06-08T10:20:39.066429,14.291032,0.0,0.0,61186.65625,50.6,64768.5625,0,0.0,154.203125,deepseek-r1:7b,-1
2025-06-08T10:20:39.171787,14.39639,0.0,0.0,61186.65625,50.6,64768.5625,0,0.0,154.203125,deepseek-r1:7b,-1
2025-06-08T10:20:39.273532,14.498135,0.0,0.0,61186.65625,50.6,64768.5625,0,0.0,154.203125,deepseek-r1:7b,-1
2025-06-08T10:20:39.378927,14.60353,8.3,0.0,61186.84375,50.6,64767.5,0,0.0,154.203125,deepseek-r1:7b,-1
2025-06-08T10:20:39.484271,14.708874,10.6,0.0,61186.859375,50.6,64767.828125,0,0.0,154.203125,deepseek-r1:7b,-1
2025-06-08T10:20:39.585401,14.810004,8.0,0.0,61186.890625,50.6,64764.296875,0,0.0,154.203125,deepseek-r1:7b,-1
2025-06-08T10:20:39.690793,14.915396,8.4,0.0,61186.78125,50.6,64764.75,0,0.0,154.203125,deepseek-r1:7b,-1
2025-06-08T10:20:39.795173,15.019776,7.9,0.0,61186.78125,50.6,64764.75,0,0.0,154.203125,deepseek-r1:7b,-1
2025-06-08T10:20:39.899332,15.123935,9.5,0.0,61186.78125,50.6,64764.75,0,0.0,154.203125,deepseek-r1:7b,-1
2025-06-08T10:20:40.004201,15.228804,7.8,0.0,61186.78125,50.6,64764.75,0,0.0,154.203125,deepseek-r1:7b,-1
2025-06-08T10:20:40.109567,15.33417,0.0,0.0,61186.78125,50.6,64764.75,0,0.0,154.203125,deepseek-r1:7b,-1
2025-06-08T10:20:40.214969,15.439572,0.0,0.0,61186.78125,50.6,64764.75,0,0.0,154.203125,deepseek-r1:7b,-1
2025-06-08T10:20:40.316685,15.541288,0.0,0.0,61186.78125,50.6,64764.75,0,0.0,154.203125,deepseek-r1:7b,-1
2025-06-08T10:20:40.421833,15.646436,8.5,0.0,61186.671875,50.6,64759.6875,0,0.0,154.203125,deepseek-r1:7b,-1
2025-06-08T10:20:40.524357,15.74896,10.8,0.0,61186.671875,50.6,64759.6875,0,0.0,154.203125,deepseek-r1:7b,-1
2025-06-08T10:20:40.629744,15.854347,6.0,0.0,61186.671875,50.6,64759.6875,0,0.0,154.203125,deepseek-r1:7b,-1
2025-06-08T10:20:40.735130,15.959733,8.4,0.0,61186.671875,50.6,64759.6875,0,0.0,154.203125,deepseek-r1:7b,-1
2025-06-08T10:20:40.840505,16.065108,9.0,0.0,61186.671875,50.6,64759.6875,0,0.0,154.203125,deepseek-r1:7b,-1
2025-06-08T10:20:40.941431,16.166034,8.7,0.0,61186.671875,50.6,64759.6875,0,0.0,154.203125,deepseek-r1:7b,-1
2025-06-08T10:20:41.044571,16.269174,8.8,0.0,61186.671875,50.6,64759.6875,0,0.0,154.203125,deepseek-r1:7b,-1
2025-06-08T10:20:41.149981,16.374584,0.0,0.0,61186.671875,50.6,64759.6875,0,0.0,154.203125,deepseek-r1:7b,-1
2025-06-08T10:20:41.254878,16.479481,0.0,0.0,61186.671875,50.6,64759.6875,0,0.0,154.203125,deepseek-r1:7b,-1
2025-06-08T10:20:41.360227,16.58483,0.0,0.0,61186.671875,50.6,64759.6875,0,0.0,154.203125,deepseek-r1:7b,-1
2025-06-08T10:20:41.461341,16.685944,8.6,0.0,61186.59375,50.6,64764.015625,0,0.0,154.203125,deepseek-r1:7b,-1
2025-06-08T10:20:41.566703,16.791306,7.8,0.0,61186.375,50.6,64764.609375,0,0.0,154.203125,deepseek-r1:7b,-1
2025-06-08T10:20:41.671831,16.896434,8.3,0.0,61186.375,50.6,64765.03125,0,0.0,154.203125,deepseek-r1:7b,-1
2025-06-08T10:20:41.775761,17.000364,7.9,0.0,61186.34375,50.6,64765.390625,0,0.0,154.203125,deepseek-r1:7b,-1
2025-06-08T10:20:41.881136,17.105739,9.4,0.0,61186.34375,50.6,64765.390625,0,0.0,154.203125,deepseek-r1:7b,-1
2025-06-08T10:20:41.985969,17.210572,7.3,0.0,61186.34375,50.6,64765.390625,0,0.0,154.203125,deepseek-r1:7b,-1
2025-06-08T10:20:42.091367,17.31597,9.4,0.0,61186.34375,50.6,64765.390625,0,0.0,154.203125,deepseek-r1:7b,-1
2025-06-08T10:20:42.193297,17.4179,0.0,0.0,61186.34375,50.6,64765.390625,0,0.0,154.203125,deepseek-r1:7b,-1
2025-06-08T10:20:42.294850,17.519453,0.0,0.0,61186.34375,50.6,64765.390625,0,0.0,154.203125,deepseek-r1:7b,-1
2025-06-08T10:20:42.395415,17.620018,0.0,0.0,61186.34375,50.6,64765.390625,0,0.0,154.203125,deepseek-r1:7b,-1
2025-06-08T10:20:42.498434,17.723037,8.7,0.0,61186.328125,50.6,64764.171875,0,0.0,154.203125,deepseek-r1:7b,-1
2025-06-08T10:20:42.603763,17.828366,8.3,0.0,61186.359375,50.6,64764.65625,0,0.0,154.203125,deepseek-r1:7b,-1
2025-06-08T10:20:42.706034,17.930637,8.5,0.0,61186.359375,50.6,64764.65625,0,0.0,154.203125,deepseek-r1:7b,-1
2025-06-08T10:20:42.808156,18.032759,0.0,0.0,61186.359375,50.6,64764.65625,0,0.0,154.203125,deepseek-r1:7b,-1
2025-06-08T10:20:42.909785,18.134388,0.0,0.0,61186.359375,50.6,64764.65625,0,0.0,154.203125,deepseek-r1:7b,-1
2025-06-08T10:20:43.015189,18.239792,0.0,0.0,61186.359375,50.6,64764.65625,0,0.0,154.203125,deepseek-r1:7b,-1
2025-06-08T10:20:43.120540,18.345143,0.0,0.0,61186.359375,50.6,64764.65625,0,0.0,154.203125,deepseek-r1:7b,-1
2025-06-08T10:20:43.225873,18.450476,0.0,0.0,61186.359375,50.6,64764.65625,0,0.0,154.203125,deepseek-r1:7b,-1
2025-06-08T10:20:43.331237,18.55584,0.0,0.0,61186.359375,50.6,64764.65625,0,0.0,154.203125,deepseek-r1:7b,-1
2025-06-08T10:20:43.432170,18.656773,0.0,0.0,61186.359375,50.6,64764.65625,0,0.0,154.203125,deepseek-r1:7b,-1
2025-06-08T10:20:43.537552,18.762155,8.4,0.0,61180.703125,50.6,64773.8125,0,0.0,154.203125,deepseek-r1:7b,-1
2025-06-08T10:20:43.642909,18.867512,7.2,0.0,61180.71875,50.6,64774.265625,0,0.0,154.203125,deepseek-r1:7b,-1
2025-06-08T10:20:43.745169,18.969772,10.8,0.0,61180.734375,50.6,64774.546875,0,0.0,154.203125,deepseek-r1:7b,-1
2025-06-08T10:20:43.849830,19.074433,7.2,0.0,61180.71875,50.6,64775.078125,0,0.0,154.203125,deepseek-r1:7b,-1
2025-06-08T10:20:43.952590,19.177193,9.1,0.0,61180.71875,50.6,64775.078125,0,0.0,154.203125,deepseek-r1:7b,-1
2025-06-08T10:20:44.057011,19.281614,7.8,0.0,61180.71875,50.6,64775.078125,0,0.0,154.203125,deepseek-r1:7b,-1
2025-06-08T10:20:44.162424,19.387027,7.7,0.0,61180.71875,50.6,64775.078125,0,0.0,154.203125,deepseek-r1:7b,-1
2025-06-08T10:20:44.266493,19.491096,9.0,0.0,61180.71875,50.6,64775.078125,0,0.0,154.203125,deepseek-r1:7b,-1
2025-06-08T10:20:44.367194,19.591797,0.0,0.0,61180.71875,50.6,64775.078125,0,0.0,154.203125,deepseek-r1:7b,-1
2025-06-08T10:20:44.470189,19.694792,0.0,0.0,61180.71875,50.6,64775.078125,0,0.0,154.203125,deepseek-r1:7b,-1
2025-06-08T10:20:44.571206,19.795809,8.4,0.0,61180.71875,50.6,64774.234375,0,0.0,154.203125,deepseek-r1:7b,-1
2025-06-08T10:20:44.676581,19.901184,9.4,0.0,61180.71875,50.6,64774.234375,0,0.0,154.203125,deepseek-r1:7b,-1
2025-06-08T10:20:44.778497,20.0031,8.1,0.0,61180.71875,50.6,64774.234375,0,0.0,154.203125,deepseek-r1:7b,-1
2025-06-08T10:20:44.883882,20.108485,9.3,0.0,61180.71875,50.6,64774.234375,0,0.0,154.203125,deepseek-r1:7b,-1
2025-06-08T10:20:44.984871,20.209474,7.0,0.0,61180.71875,50.6,64774.234375,0,0.0,154.203125,deepseek-r1:7b,-1
2025-06-08T10:20:45.085467,20.31007,8.6,0.0,61180.71875,50.6,64774.234375,0,0.0,154.203125,deepseek-r1:7b,-1
2025-06-08T10:20:45.190820,20.415423,0.0,0.0,61180.71875,50.6,64774.234375,0,0.0,154.203125,deepseek-r1:7b,-1
2025-06-08T10:20:45.295176,20.519779,0.0,0.0,61180.71875,50.6,64774.234375,0,0.0,154.203125,deepseek-r1:7b,-1
2025-06-08T10:20:45.397409,20.622012,0.0,0.0,61180.71875,50.6,64774.234375,0,0.0,154.203125,deepseek-r1:7b,-1
2025-06-08T10:20:45.502599,20.727202,0.0,0.0,61180.71875,50.6,64774.234375,0,0.0,154.203125,deepseek-r1:7b,-1
2025-06-08T10:20:45.607385,20.831988,8.6,0.0,61180.75,50.6,64774.390625,0,0.0,154.203125,deepseek-r1:7b,-1
2025-06-08T10:20:45.708930,20.933533,7.5,0.0,61180.75,50.6,64774.390625,0,0.0,154.203125,deepseek-r1:7b,-1
2025-06-08T10:20:45.811831,21.036434,7.9,0.0,61180.75,50.6,64774.390625,0,0.0,154.203125,deepseek-r1:7b,-1
2025-06-08T10:20:45.916487,21.14109,10.1,0.0,61180.75,50.6,64774.390625,0,0.0,154.203125,deepseek-r1:7b,-1
2025-06-08T10:20:46.019755,21.244358,8.0,0.0,61180.75,50.6,64774.390625,0,0.0,154.203125,deepseek-r1:7b,-1
2025-06-08T10:20:46.125138,21.349741,9.3,0.0,61180.75,50.6,64774.390625,0,0.0,154.203125,deepseek-r1:7b,-1
2025-06-08T10:20:46.230495,21.455098,5.5,0.0,61180.75,50.6,64774.390625,0,0.0,154.203125,deepseek-r1:7b,-1
2025-06-08T10:20:46.333150,21.557753,10.2,0.0,61180.75,50.6,64774.390625,0,0.0,154.203125,deepseek-r1:7b,-1
2025-06-08T10:20:46.436833,21.661436,0.0,0.0,61180.75,50.6,64774.390625,0,0.0,154.203125,deepseek-r1:7b,-1
2025-06-08T10:20:46.542233,21.766836,0.0,0.0,61180.75,50.6,64774.390625,0,0.0,154.203125,deepseek-r1:7b,-1
2025-06-08T10:20:46.646643,21.871246,8.6,0.0,61180.484375,50.6,64774.8125,0,0.0,154.203125,deepseek-r1:7b,-1
2025-06-08T10:20:46.751997,21.9766,7.7,0.0,61180.5,50.6,64775.125,0,0.0,154.203125,deepseek-r1:7b,-1
2025-06-08T10:20:46.853388,22.077991,10.5,0.0,61180.5,50.6,64775.5625,0,0.0,154.203125,deepseek-r1:7b,-1
2025-06-08T10:20:46.957660,22.182263,7.9,0.0,61180.5,50.6,64775.5625,0,0.0,154.203125,deepseek-r1:7b,-1
2025-06-08T10:20:47.063060,22.287663,7.1,0.0,61180.5,50.6,64775.5625,0,0.0,154.203125,deepseek-r1:7b,-1
2025-06-08T10:20:47.164000,22.388603,7.9,0.0,61180.5,50.6,64775.5625,0,0.0,154.203125,deepseek-r1:7b,-1
2025-06-08T10:20:47.269389,22.493992,7.7,0.0,61180.5,50.6,64775.5625,0,0.0,154.203125,deepseek-r1:7b,-1
2025-06-08T10:20:47.374760,22.599363,9.5,0.0,61180.5,50.6,64775.5625,0,0.0,154.203125,deepseek-r1:7b,-1
2025-06-08T10:20:47.480149,22.704752,0.0,0.0,61180.5,50.6,64775.5625,0,0.0,154.203125,deepseek-r1:7b,-1
2025-06-08T10:20:47.584641,22.809244,0.0,0.0,61180.5,50.6,64775.5625,0,0.0,154.203125,deepseek-r1:7b,-1
2025-06-08T10:20:47.690035,22.914638,11.9,0.0,61181.21875,50.6,64763.03125,0,0.0,154.203125,deepseek-r1:7b,-1
2025-06-08T10:20:47.793733,23.018336,8.5,0.0,61181.265625,50.6,64763.296875,0,0.0,154.203125,deepseek-r1:7b,-1
2025-06-08T10:20:47.899140,23.123743,9.5,0.0,61181.265625,50.6,64763.296875,0,0.0,154.203125,deepseek-r1:7b,-1
2025-06-08T10:20:48.003392,23.227995,7.9,0.0,61181.265625,50.6,64763.296875,0,0.0,154.203125,deepseek-r1:7b,-1
2025-06-08T10:20:48.106140,23.330743,10.2,0.0,61181.265625,50.6,64763.296875,0,0.0,154.203125,deepseek-r1:7b,-1
2025-06-08T10:20:48.211459,23.436062,11.1,0.0,61181.265625,50.6,64763.296875,0,0.0,154.203125,deepseek-r1:7b,-1
2025-06-08T10:20:48.311836,23.536439,8.4,0.0,61181.265625,50.6,64763.296875,0,0.0,154.203125,deepseek-r1:7b,-1
2025-06-08T10:20:48.417199,23.641802,10.5,0.0,61181.265625,50.6,64763.296875,0,0.0,154.203125,deepseek-r1:7b,-1
2025-06-08T10:20:48.522589,23.747192,0.0,0.0,61181.265625,50.6,64763.296875,0,0.0,154.203125,deepseek-r1:7b,-1
2025-06-08T10:20:48.628031,23.852634,0.0,0.0,61181.265625,50.6,64763.296875,0,0.0,154.203125,deepseek-r1:7b,-1
2025-06-08T10:20:48.728810,23.953413,8.2,0.0,61265.1875,50.7,64683.5625,0,0.0,154.203125,deepseek-r1:7b,-1
2025-06-08T10:20:48.829262,24.053865,9.8,0.0,61265.1875,50.7,64684.0,0,0.0,154.203125,deepseek-r1:7b,-1
2025-06-08T10:20:48.930584,24.155187,9.3,0.0,61265.1875,50.7,64684.0,0,0.0,154.203125,deepseek-r1:7b,-1
2025-06-08T10:20:49.034197,24.2588,8.3,0.0,61265.1875,50.7,64684.0,0,0.0,154.203125,deepseek-r1:7b,-1
2025-06-08T10:20:49.139583,24.364186,5.5,0.0,61265.1875,50.7,64684.0,0,0.0,154.203125,deepseek-r1:7b,-1
2025-06-08T10:20:49.243847,24.46845,0.0,0.0,61265.1875,50.7,64684.0,0,0.0,154.203125,deepseek-r1:7b,-1
2025-06-08T10:20:51.389672,0.032441,9.8,0.0,60815.71875,50.3,65140.953125,0,0.0,154.203125,deepseek-r1:7b,-1
2025-06-08T10:20:51.494830,0.137599,14.7,0.0,61039.453125,50.5,64919.25,0,0.0,154.203125,deepseek-r1:7b,-1
2025-06-08T10:20:51.600314,0.243083,14.4,0.0,61039.453125,50.5,64919.25,0,0.0,154.203125,deepseek-r1:7b,-1
2025-06-08T10:20:51.705748,0.348517,9.4,0.0,61039.453125,50.5,64919.25,0,0.0,154.203125,deepseek-r1:7b,-1
2025-06-08T10:20:51.811066,0.453835,9.0,0.0,61039.453125,50.5,64919.25,0,0.0,154.203125,deepseek-r1:7b,-1
2025-06-08T10:20:51.913089,0.555858,0.0,0.0,61039.453125,50.5,64919.25,0,0.0,154.203125,deepseek-r1:7b,-1
2025-06-08T10:20:52.018179,0.660948,0.0,0.0,61039.453125,50.5,64919.25,0,0.0,154.203125,deepseek-r1:7b,-1
2025-06-08T10:20:52.123574,0.766343,0.0,0.0,61039.453125,50.5,64919.25,0,0.0,154.203125,deepseek-r1:7b,-1
2025-06-08T10:20:52.228903,0.871672,0.0,0.0,61039.453125,50.5,64919.25,0,0.0,154.203125,deepseek-r1:7b,-1
2025-06-08T10:20:52.334226,0.976995,0.0,0.0,61039.453125,50.5,64919.25,0,0.0,154.203125,deepseek-r1:7b,-1
2025-06-08T10:20:52.435434,1.078203,8.5,0.0,61323.03125,50.7,64628.6875,0,0.0,154.203125,deepseek-r1:7b,-1
2025-06-08T10:20:52.540816,1.183585,10.6,0.0,61323.03125,50.7,64628.6875,0,0.0,154.203125,deepseek-r1:7b,-1
2025-06-08T10:20:52.646131,1.2889,8.4,0.0,61323.03125,50.7,64628.6875,0,0.0,154.203125,deepseek-r1:7b,-1
2025-06-08T10:20:52.751376,1.394145,8.7,0.0,61323.03125,50.7,64628.6875,0,0.0,154.203125,deepseek-r1:7b,-1
2025-06-08T10:20:52.852997,1.495766,10.6,0.0,61323.03125,50.7,64628.6875,0,0.0,154.203125,deepseek-r1:7b,-1
2025-06-08T10:20:52.957628,1.600397,7.3,0.0,61323.03125,50.7,64628.6875,0,0.0,154.203125,deepseek-r1:7b,-1
2025-06-08T10:20:53.063009,1.705778,9.5,0.0,61323.03125,50.7,64628.6875,0,0.7,154.21875,deepseek-r1:7b,-1
2025-06-08T10:20:53.164236,1.807005,7.5,0.0,61323.03125,50.7,64628.6875,0,0.0,154.21875,deepseek-r1:7b,-1
2025-06-08T10:20:53.266165,1.908934,0.0,0.0,61323.03125,50.7,64628.6875,0,0.0,154.21875,deepseek-r1:7b,-1
2025-06-08T10:20:53.367160,2.009929,0.0,0.0,61323.03125,50.7,64628.6875,0,0.0,154.21875,deepseek-r1:7b,-1
2025-06-08T10:20:53.470170,2.112939,9.0,0.0,61205.734375,50.6,64750.46875,0,0.0,154.21875,deepseek-r1:7b,-1
2025-06-08T10:20:53.571355,2.214124,9.1,0.0,61205.765625,50.6,64750.828125,0,0.0,154.21875,deepseek-r1:7b,-1
2025-06-08T10:20:53.672744,2.315513,8.0,0.0,61205.765625,50.6,64751.234375,0,0.0,154.21875,deepseek-r1:7b,-1
2025-06-08T10:20:53.778080,2.420849,7.3,0.0,61205.75,50.6,64751.59375,0,0.0,154.21875,deepseek-r1:7b,-1
